Dataset,#Training release,%traning,%Defective in training,%Defective in testing,Classifier,Balancing,Feature Selection,Sensitivity,TP,FP,TN,FN,Precision,Recall,AUC,Kappa
BOOKKEEPER,1,55.55555555555556,47.159090909090914,29.09090909090909,RANDOMFOREST,NOBALANCING,NOSELECTION,NOSENSITIVE,55.0,52.0,104.0,9.0,0.514018691588785,0.859375,0.8643830128205128,0.4390570138772782,
BOOKKEEPER,1,55.55555555555556,47.159090909090914,29.09090909090909,RANDOMFOREST,NOBALANCING,NOSELECTION,THRESHOLD,117.0,148.0,164.0,11.0,0.44150943396226416,0.9140625,0.7298928285256411,0.3342215454891511,
BOOKKEEPER,1,55.55555555555556,47.159090909090914,29.09090909090909,RANDOMFOREST,NOBALANCING,NOSELECTION,LEARNING,180.0,258.0,210.0,12.0,0.410958904109589,0.9375,0.7438067574786325,0.28031404478045946,
BOOKKEEPER,1,91.66666666666666,50.0,29.09090909090909,RANDOMFOREST,OVERSAMPLING,NOSELECTION,NOSENSITIVE,50.0,59.0,97.0,14.0,0.45871559633027525,0.78125,0.7934194711538461,0.333831093412975,
BOOKKEEPER,1,91.66666666666666,50.0,29.09090909090909,RANDOMFOREST,OVERSAMPLING,NOSELECTION,THRESHOLD,113.0,184.0,128.0,15.0,0.38047138047138046,0.8828125,0.6420272435897436,0.21094369547977793,
BOOKKEEPER,1,91.66666666666666,50.0,29.09090909090909,RANDOMFOREST,OVERSAMPLING,NOSELECTION,LEARNING,177.0,340.0,128.0,15.0,0.34235976789168276,0.921875,0.610588051994302,0.13032827045565895,
BOOKKEEPER,1,56.994818652849744,50.0,29.09090909090909,RANDOMFOREST,UNDERSAMPLING,NOSELECTION,NOSENSITIVE,55.0,49.0,107.0,9.0,0.5288461538461539,0.859375,0.8642828525641025,0.4604194857916102,
BOOKKEEPER,1,56.994818652849744,50.0,29.09090909090909,RANDOMFOREST,UNDERSAMPLING,NOSELECTION,THRESHOLD,118.0,155.0,157.0,10.0,0.43223443223443225,0.921875,0.7161458333333334,0.3186425407312861,
BOOKKEEPER,1,56.994818652849744,50.0,29.09090909090909,RANDOMFOREST,UNDERSAMPLING,NOSELECTION,LEARNING,181.0,277.0,191.0,11.0,0.3951965065502183,0.9427083333333334,0.7256944444444444,0.2490755665118042,
BOOKKEEPER,1,54.187192118226605,50.0,29.09090909090909,RANDOMFOREST,SMOTE,NOSELECTION,NOSENSITIVE,56.0,47.0,109.0,8.0,0.5436893203883495,0.875,0.8566706730769231,0.48633044659534724,
BOOKKEEPER,1,54.187192118226605,50.0,29.09090909090909,RANDOMFOREST,SMOTE,NOSELECTION,THRESHOLD,119.0,143.0,169.0,9.0,0.4541984732824427,0.9296875,0.7348758012820513,0.36017143731823054,
BOOKKEEPER,1,54.187192118226605,50.0,29.09090909090909,RANDOMFOREST,SMOTE,NOSELECTION,LEARNING,182.0,255.0,213.0,10.0,0.41647597254004576,0.9479166666666666,0.7466001157407407,0.29285333074571834,
BOOKKEEPER,1,55.55555555555556,47.159090909090914,29.09090909090909,RANDOMFOREST,NOBALANCING,BESTFIRST,NOSENSITIVE,47.0,35.0,121.0,17.0,0.573170731707317,0.734375,0.8388922275641025,0.4709581945985943,
BOOKKEEPER,1,55.55555555555556,47.159090909090914,29.09090909090909,RANDOMFOREST,NOBALANCING,BESTFIRST,THRESHOLD,109.0,137.0,175.0,19.0,0.44308943089430897,0.8515625,0.7242212540064102,0.32430303984879516,
BOOKKEEPER,1,55.55555555555556,47.159090909090914,29.09090909090909,RANDOMFOREST,NOBALANCING,BESTFIRST,LEARNING,172.0,248.0,220.0,20.0,0.4095238095238095,0.8958333333333334,0.7390602742165242,0.2710187932739862,
BOOKKEEPER,1,91.66666666666666,50.0,29.09090909090909,RANDOMFOREST,OVERSAMPLING,BESTFIRST,NOSENSITIVE,50.0,51.0,105.0,14.0,0.49504950495049505,0.78125,0.7880108173076923,0.3881567687831594,
BOOKKEEPER,1,91.66666666666666,50.0,29.09090909090909,RANDOMFOREST,OVERSAMPLING,BESTFIRST,THRESHOLD,112.0,172.0,140.0,16.0,0.39436619718309857,0.875,0.6444436097756411,0.23813734158561742,
BOOKKEEPER,1,91.66666666666666,50.0,29.09090909090909,RANDOMFOREST,OVERSAMPLING,BESTFIRST,LEARNING,176.0,328.0,140.0,16.0,0.3492063492063492,0.9166666666666666,0.63826010505698,0.14590104730949802,
BOOKKEEPER,1,56.994818652849744,50.0,29.09090909090909,RANDOMFOREST,UNDERSAMPLING,BESTFIRST,NOSENSITIVE,48.0,46.0,110.0,16.0,0.5106382978723404,0.75,0.8308293269230769,0.3998592045054557,
BOOKKEEPER,1,56.994818652849744,50.0,29.09090909090909,RANDOMFOREST,UNDERSAMPLING,BESTFIRST,THRESHOLD,110.0,151.0,161.0,18.0,0.421455938697318,0.859375,0.7187124399038461,0.287357203097447,
BOOKKEEPER,1,56.994818652849744,50.0,29.09090909090909,RANDOMFOREST,UNDERSAMPLING,BESTFIRST,LEARNING,174.0,274.0,194.0,18.0,0.38839285714285715,0.90625,0.7303685897435898,0.23025306748466265,
BOOKKEEPER,1,54.187192118226605,50.0,29.09090909090909,RANDOMFOREST,SMOTE,BESTFIRST,NOSENSITIVE,47.0,33.0,123.0,17.0,0.5875,0.734375,0.8310797275641025,0.48694029850746257,
BOOKKEEPER,1,54.187192118226605,50.0,29.09090909090909,RANDOMFOREST,SMOTE,BESTFIRST,THRESHOLD,109.0,136.0,176.0,19.0,0.4448979591836735,0.8515625,0.7211162860576923,0.32741617357001973,
BOOKKEEPER,1,54.187192118226605,50.0,29.09090909090909,RANDOMFOREST,SMOTE,BESTFIRST,LEARNING,172.0,255.0,213.0,20.0,0.4028103044496487,0.8958333333333334,0.7340800836894587,0.25788724792699086,
BOOKKEEPER,1,55.55555555555556,47.159090909090914,29.09090909090909,NAIVEBAYES,NOBALANCING,NOSELECTION,NOSENSITIVE,29.0,13.0,143.0,35.0,0.6904761904761905,0.453125,0.8083934294871795,0.4115024520731165,
BOOKKEEPER,1,55.55555555555556,47.159090909090914,29.09090909090909,NAIVEBAYES,NOBALANCING,NOSELECTION,THRESHOLD,61.0,28.0,284.0,67.0,0.6853932584269663,0.4765625,0.7302684294871795,0.42500275118300856,
BOOKKEEPER,1,55.55555555555556,47.159090909090914,29.09090909090909,NAIVEBAYES,NOBALANCING,NOSELECTION,LEARNING,93.0,43.0,425.0,99.0,0.6838235294117647,0.484375,0.7457932692307693,0.4294272355347749,
BOOKKEEPER,1,91.66666666666666,50.0,29.09090909090909,NAIVEBAYES,OVERSAMPLING,NOSELECTION,NOSENSITIVE,33.0,18.0,138.0,31.0,0.6470588235294118,0.515625,0.8005308493589743,0.42574046452162784,
BOOKKEEPER,1,91.66666666666666,50.0,29.09090909090909,NAIVEBAYES,OVERSAMPLING,NOSELECTION,THRESHOLD,68.0,37.0,275.0,60.0,0.6476190476190476,0.53125,0.7380183293269231,0.43574828133262816,
BOOKKEEPER,1,91.66666666666666,50.0,29.09090909090909,NAIVEBAYES,OVERSAMPLING,NOSELECTION,LEARNING,103.0,56.0,412.0,89.0,0.6477987421383647,0.5364583333333334,0.7469117254273504,0.4390518393472602,
BOOKKEEPER,1,56.994818652849744,50.0,29.09090909090909,NAIVEBAYES,UNDERSAMPLING,NOSELECTION,NOSENSITIVE,29.0,12.0,144.0,35.0,0.7073170731707317,0.453125,0.8138521634615384,0.4207931884382703,
BOOKKEEPER,1,56.994818652849744,50.0,29.09090909090909,NAIVEBAYES,UNDERSAMPLING,NOSELECTION,THRESHOLD,61.0,26.0,286.0,67.0,0.7011494252873564,0.4765625,0.7343875200320513,0.43424399955757115,
BOOKKEEPER,1,56.994818652849744,50.0,29.09090909090909,NAIVEBAYES,UNDERSAMPLING,NOSELECTION,LEARNING,93.0,40.0,428.0,99.0,0.6992481203007519,0.484375,0.7503338675213675,0.43865188339819383,
BOOKKEEPER,1,54.187192118226605,50.0,29.09090909090909,NAIVEBAYES,SMOTE,NOSELECTION,NOSENSITIVE,33.0,13.0,143.0,31.0,0.717391304347826,0.515625,0.8170072115384616,0.4713848842289211,
BOOKKEEPER,1,54.187192118226605,50.0,29.09090909090909,NAIVEBAYES,SMOTE,NOSELECTION,THRESHOLD,67.0,30.0,282.0,61.0,0.6907216494845361,0.5234375,0.7418619791666666,0.4601445367274297,
BOOKKEEPER,1,54.187192118226605,50.0,29.09090909090909,NAIVEBAYES,SMOTE,NOSELECTION,LEARNING,101.0,47.0,421.0,91.0,0.6824324324324325,0.5260416666666666,0.757133636039886,0.45645946720137487,
BOOKKEEPER,1,55.55555555555556,47.159090909090914,29.09090909090909,NAIVEBAYES,NOBALANCING,BESTFIRST,NOSENSITIVE,35.0,11.0,145.0,29.0,0.7608695652173914,0.546875,0.7522536057692307,0.5194408038444738,
BOOKKEEPER,1,55.55555555555556,47.159090909090914,29.09090909090909,NAIVEBAYES,NOBALANCING,BESTFIRST,THRESHOLD,72.0,22.0,290.0,56.0,0.7659574468085106,0.5625,0.7554336939102564,0.5337970006520323,
BOOKKEEPER,1,55.55555555555556,47.159090909090914,29.09090909090909,NAIVEBAYES,NOBALANCING,BESTFIRST,LEARNING,109.0,33.0,435.0,83.0,0.7676056338028169,0.5677083333333334,0.7588474893162394,0.5385505569217416,
BOOKKEEPER,1,91.66666666666666,50.0,29.09090909090909,NAIVEBAYES,OVERSAMPLING,BESTFIRST,NOSENSITIVE,36.0,16.0,140.0,28.0,0.6923076923076923,0.5625,0.7919170673076923,0.48685326547921975,
BOOKKEEPER,1,91.66666666666666,50.0,29.09090909090909,NAIVEBAYES,OVERSAMPLING,BESTFIRST,THRESHOLD,81.0,53.0,259.0,47.0,0.6044776119402985,0.6328125,0.7553836137820513,0.45662912467891714,
BOOKKEEPER,1,91.66666666666666,50.0,29.09090909090909,NAIVEBAYES,OVERSAMPLING,BESTFIRST,LEARNING,126.0,89.0,379.0,66.0,0.586046511627907,0.65625,0.7591368411680912,0.4501773621412447,
BOOKKEEPER,1,56.994818652849744,50.0,29.09090909090909,NAIVEBAYES,UNDERSAMPLING,BESTFIRST,NOSENSITIVE,34.0,9.0,147.0,30.0,0.7906976744186046,0.53125,0.7595152243589743,0.524284763805722,
BOOKKEEPER,1,56.994818652849744,50.0,29.09090909090909,NAIVEBAYES,UNDERSAMPLING,BESTFIRST,THRESHOLD,70.0,18.0,294.0,58.0,0.7954545454545454,0.546875,0.7557592147435898,0.5388349514563107,
BOOKKEEPER,1,56.994818652849744,50.0,29.09090909090909,NAIVEBAYES,UNDERSAMPLING,BESTFIRST,LEARNING,106.0,27.0,441.0,86.0,0.7969924812030075,0.5520833333333334,0.7599158653846154,0.5436522505323444,
BOOKKEEPER,1,54.187192118226605,50.0,29.09090909090909,NAIVEBAYES,SMOTE,BESTFIRST,NOSENSITIVE,35.0,9.0,147.0,29.0,0.7954545454545454,0.546875,0.7631710737179487,0.5388349514563107,
BOOKKEEPER,1,54.187192118226605,50.0,29.09090909090909,NAIVEBAYES,SMOTE,BESTFIRST,THRESHOLD,72.0,22.0,290.0,56.0,0.7659574468085106,0.5625,0.7546198918269231,0.5337970006520323,
BOOKKEEPER,1,54.187192118226605,50.0,29.09090909090909,NAIVEBAYES,SMOTE,BESTFIRST,LEARNING,109.0,35.0,433.0,83.0,0.7569444444444444,0.5677083333333334,0.7601940883190883,0.5321510957324105,
BOOKKEEPER,1,55.55555555555556,47.159090909090914,29.09090909090909,IBK,NOBALANCING,NOSELECTION,NOSENSITIVE,39.0,39.0,117.0,25.0,0.5,0.609375,0.7004206730769231,0.3375987956341739,
BOOKKEEPER,1,55.55555555555556,47.159090909090914,29.09090909090909,IBK,NOBALANCING,NOSELECTION,THRESHOLD,78.0,80.0,232.0,50.0,0.4936708860759494,0.609375,0.6800631009615384,0.33014802323402664,
BOOKKEEPER,1,55.55555555555556,47.159090909090914,29.09090909090909,IBK,NOBALANCING,NOSELECTION,LEARNING,117.0,121.0,347.0,75.0,0.49159663865546216,0.609375,0.6806112001424501,0.327678682799052,
BOOKKEEPER,1,91.66666666666666,50.0,29.09090909090909,IBK,OVERSAMPLING,NOSELECTION,NOSENSITIVE,21.0,57.0,99.0,43.0,0.2692307692307692,0.328125,0.48046875,-0.03500188182160347,
BOOKKEEPER,1,91.66666666666666,50.0,29.09090909090909,IBK,OVERSAMPLING,NOSELECTION,THRESHOLD,42.0,114.0,198.0,86.0,0.2692307692307692,0.328125,0.4811448317307692,-0.03500188182160347,
BOOKKEEPER,1,91.66666666666666,50.0,29.09090909090909,IBK,OVERSAMPLING,NOSELECTION,LEARNING,63.0,171.0,297.0,129.0,0.2692307692307692,0.328125,0.48096955128205127,-0.03500188182160347,
BOOKKEEPER,1,56.994818652849744,50.0,29.09090909090909,IBK,UNDERSAMPLING,NOSELECTION,NOSENSITIVE,39.0,41.0,115.0,25.0,0.4875,0.609375,0.6827423878205128,0.32276119402985054,
BOOKKEEPER,1,56.994818652849744,50.0,29.09090909090909,IBK,UNDERSAMPLING,NOSELECTION,THRESHOLD,78.0,84.0,228.0,50.0,0.48148148148148145,0.609375,0.6708358373397436,0.31543748838937397,
BOOKKEEPER,1,56.994818652849744,50.0,29.09090909090909,IBK,UNDERSAMPLING,NOSELECTION,LEARNING,117.0,127.0,341.0,75.0,0.47950819672131145,0.609375,0.6716969373219374,0.3130101409844176,
BOOKKEEPER,1,54.187192118226605,50.0,29.09090909090909,IBK,SMOTE,NOSELECTION,NOSENSITIVE,40.0,39.0,117.0,24.0,0.5063291139240507,0.625,0.7075320512820513,0.35075885328836415,
BOOKKEEPER,1,54.187192118226605,50.0,29.09090909090909,IBK,SMOTE,NOSELECTION,THRESHOLD,80.0,80.0,232.0,48.0,0.5,0.625,0.6877003205128205,0.3432835820895522,
BOOKKEEPER,1,54.187192118226605,50.0,29.09090909090909,IBK,SMOTE,NOSELECTION,LEARNING,120.0,121.0,347.0,72.0,0.4979253112033195,0.625,0.688301282051282,0.34080606098242555,
BOOKKEEPER,1,55.55555555555556,47.159090909090914,29.09090909090909,IBK,NOBALANCING,BESTFIRST,NOSENSITIVE,42.0,39.0,117.0,22.0,0.5185185185185185,0.65625,0.7188501602564102,0.3767415939067436,
BOOKKEEPER,1,55.55555555555556,47.159090909090914,29.09090909090909,IBK,NOBALANCING,BESTFIRST,THRESHOLD,84.0,80.0,232.0,44.0,0.5121951219512195,0.65625,0.7022485977564102,0.36921938586755454,
BOOKKEEPER,1,55.55555555555556,47.159090909090914,29.09090909090909,IBK,NOBALANCING,BESTFIRST,LEARNING,126.0,121.0,347.0,66.0,0.5101214574898786,0.65625,0.7039151531339032,0.36672618681115693,
BOOKKEEPER,1,91.66666666666666,50.0,29.09090909090909,IBK,OVERSAMPLING,BESTFIRST,NOSENSITIVE,48.0,53.0,103.0,16.0,0.4752475247524752,0.75,0.6866486378205128,0.35050487763135385,
BOOKKEEPER,1,91.66666666666666,50.0,29.09090909090909,IBK,OVERSAMPLING,BESTFIRST,THRESHOLD,96.0,106.0,206.0,32.0,0.4752475247524752,0.75,0.700508313301282,0.35050487763135385,
BOOKKEEPER,1,91.66666666666666,50.0,29.09090909090909,IBK,OVERSAMPLING,BESTFIRST,LEARNING,144.0,159.0,309.0,48.0,0.4752475247524752,0.75,0.6969150641025641,0.35050487763135385,
BOOKKEEPER,1,56.994818652849744,50.0,29.09090909090909,IBK,UNDERSAMPLING,BESTFIRST,NOSENSITIVE,43.0,45.0,111.0,21.0,0.48863636363636365,0.671875,0.6990184294871795,0.34523809523809507,
BOOKKEEPER,1,56.994818652849744,50.0,29.09090909090909,IBK,UNDERSAMPLING,BESTFIRST,THRESHOLD,86.0,92.0,220.0,42.0,0.48314606741573035,0.671875,0.6887269631410257,0.33806358900664635,
BOOKKEEPER,1,56.994818652849744,50.0,29.09090909090909,IBK,UNDERSAMPLING,BESTFIRST,LEARNING,129.0,139.0,329.0,63.0,0.48134328358208955,0.671875,0.6907385149572649,0.33568524276488887,
BOOKKEEPER,1,54.187192118226605,50.0,29.09090909090909,IBK,SMOTE,BESTFIRST,NOSENSITIVE,42.0,41.0,115.0,22.0,0.5060240963855421,0.65625,0.7126402243589743,0.36176091361208323,
BOOKKEEPER,1,54.187192118226605,50.0,29.09090909090909,IBK,SMOTE,BESTFIRST,THRESHOLD,84.0,84.0,228.0,44.0,0.5,0.65625,0.6958884214743589,0.3543653705062363,
BOOKKEEPER,1,54.187192118226605,50.0,29.09090909090909,IBK,SMOTE,BESTFIRST,LEARNING,126.0,127.0,341.0,66.0,0.4980237154150198,0.65625,0.6975716702279202,0.35191403626595014,
BOOKKEEPER,2,44.303797468354425,37.121212121212125,20.952380952380953,RANDOMFOREST,NOBALANCING,NOSELECTION,NOSENSITIVE,52.0,71.0,178.0,14.0,0.42276422764227645,0.7878787878787878,0.8503103322380431,0.381625441696113,
BOOKKEEPER,2,44.303797468354425,37.121212121212125,20.952380952380953,RANDOMFOREST,NOBALANCING,NOSELECTION,THRESHOLD,115.0,207.0,291.0,17.0,0.35714285714285715,0.8712121212121212,0.746311001582086,0.2979523610530715,
BOOKKEEPER,2,44.303797468354425,37.121212121212125,20.952380952380953,RANDOMFOREST,NOBALANCING,NOSELECTION,LEARNING,177.0,339.0,408.0,21.0,0.3430232558139535,0.8939393939393939,0.7675043608778549,0.2767764894960395,
BOOKKEEPER,2,53.4804753820034,50.0,20.952380952380953,RANDOMFOREST,OVERSAMPLING,NOSELECTION,NOSENSITIVE,58.0,104.0,145.0,8.0,0.35802469135802467,0.8787878787878788,0.8431909456005842,0.30049964311206295,
BOOKKEEPER,2,53.4804753820034,50.0,20.952380952380953,RANDOMFOREST,OVERSAMPLING,NOSELECTION,THRESHOLD,122.0,264.0,234.0,10.0,0.3160621761658031,0.9242424242424242,0.7105239138371668,0.2308720526118804,
BOOKKEEPER,2,53.4804753820034,50.0,20.952380952380953,RANDOMFOREST,OVERSAMPLING,NOSELECTION,LEARNING,187.0,411.0,336.0,11.0,0.31270903010033446,0.9444444444444444,0.7348518653739537,0.22626946986100432,
BOOKKEEPER,2,51.724137931034484,50.0,20.952380952380953,RANDOMFOREST,UNDERSAMPLING,NOSELECTION,NOSENSITIVE,57.0,93.0,156.0,9.0,0.38,0.8636363636363636,0.8582816112936595,0.33395522388059706,
BOOKKEEPER,2,51.724137931034484,50.0,20.952380952380953,RANDOMFOREST,UNDERSAMPLING,NOSELECTION,THRESHOLD,121.0,253.0,245.0,11.0,0.3235294117647059,0.9166666666666666,0.7224199829621516,0.24415116976604684,
BOOKKEEPER,2,51.724137931034484,50.0,20.952380952380953,RANDOMFOREST,UNDERSAMPLING,NOSELECTION,LEARNING,186.0,417.0,330.0,12.0,0.30845771144278605,0.9393939393939394,0.7480866225846146,0.21760200093793952,
BOOKKEEPER,2,38.74538745387454,50.0,20.952380952380953,RANDOMFOREST,SMOTE,NOSELECTION,NOSENSITIVE,52.0,84.0,165.0,14.0,0.38235294117647056,0.7878787878787878,0.8522879396373372,0.32418231971627487,
BOOKKEEPER,2,38.74538745387454,50.0,20.952380952380953,RANDOMFOREST,SMOTE,NOSELECTION,THRESHOLD,115.0,226.0,272.0,17.0,0.33724340175953077,0.8712121212121212,0.7407584884994524,0.2638700556821789,
BOOKKEEPER,2,38.74538745387454,50.0,20.952380952380953,RANDOMFOREST,SMOTE,NOSELECTION,LEARNING,178.0,370.0,377.0,20.0,0.3248175182481752,0.898989898989899,0.7653712493069923,0.2447157770482128,
BOOKKEEPER,2,44.303797468354425,37.121212121212125,20.952380952380953,RANDOMFOREST,NOBALANCING,BESTFIRST,NOSENSITIVE,42.0,43.0,206.0,24.0,0.49411764705882355,0.6363636363636364,0.8116405013995376,0.4193148988856789,
BOOKKEEPER,2,44.303797468354425,37.121212121212125,20.952380952380953,RANDOMFOREST,NOBALANCING,BESTFIRST,THRESHOLD,98.0,141.0,357.0,34.0,0.4100418410041841,0.7424242424242424,0.7586101983692345,0.3538802348887091,
BOOKKEEPER,2,44.303797468354425,37.121212121212125,20.952380952380953,RANDOMFOREST,NOBALANCING,BESTFIRST,LEARNING,157.0,267.0,480.0,41.0,0.37028301886792453,0.7929292929292929,0.7661927169959298,0.30681184893042396,
BOOKKEEPER,2,53.4804753820034,50.0,20.952380952380953,RANDOMFOREST,OVERSAMPLING,BESTFIRST,NOSENSITIVE,48.0,68.0,181.0,18.0,0.41379310344827586,0.7272727272727273,0.7810940732627479,0.35527631015279154,
BOOKKEEPER,2,53.4804753820034,50.0,20.952380952380953,RANDOMFOREST,OVERSAMPLING,BESTFIRST,THRESHOLD,102.0,182.0,316.0,30.0,0.3591549295774648,0.7727272727272727,0.7245040769137154,0.28617239610056433,
BOOKKEEPER,2,53.4804753820034,50.0,20.952380952380953,RANDOMFOREST,OVERSAMPLING,BESTFIRST,LEARNING,162.0,318.0,429.0,36.0,0.3375,0.8181818181818182,0.7360958987465012,0.2576393049730378,
BOOKKEEPER,2,51.724137931034484,50.0,20.952380952380953,RANDOMFOREST,UNDERSAMPLING,BESTFIRST,NOSENSITIVE,52.0,64.0,185.0,14.0,0.4482758620689655,0.7878787878787878,0.808476329560667,0.41525060688276444,
BOOKKEEPER,2,51.724137931034484,50.0,20.952380952380953,RANDOMFOREST,UNDERSAMPLING,BESTFIRST,THRESHOLD,111.0,187.0,311.0,21.0,0.3724832214765101,0.8409090909090909,0.7421276013143483,0.31830950745989134,
BOOKKEEPER,2,51.724137931034484,50.0,20.952380952380953,RANDOMFOREST,UNDERSAMPLING,BESTFIRST,LEARNING,172.0,347.0,400.0,26.0,0.33140655105973027,0.8686868686868687,0.7551519208145714,0.2532746096207745,
BOOKKEEPER,2,38.74538745387454,50.0,20.952380952380953,RANDOMFOREST,SMOTE,BESTFIRST,NOSENSITIVE,43.0,45.0,204.0,23.0,0.48863636363636365,0.6515151515151515,0.8115492272118778,0.41941779151081476,
BOOKKEEPER,2,38.74538745387454,50.0,20.952380952380953,RANDOMFOREST,SMOTE,BESTFIRST,THRESHOLD,100.0,155.0,343.0,32.0,0.39215686274509803,0.7575757575757576,0.7514071437264208,0.3324834268230496,
BOOKKEEPER,2,38.74538745387454,50.0,20.952380952380953,RANDOMFOREST,SMOTE,BESTFIRST,LEARNING,159.0,294.0,453.0,39.0,0.3509933774834437,0.803030303030303,0.7587386583370519,0.27792577907192867,
BOOKKEEPER,2,44.303797468354425,37.121212121212125,20.952380952380953,NAIVEBAYES,NOBALANCING,NOSELECTION,NOSENSITIVE,38.0,20.0,229.0,28.0,0.6551724137931034,0.5757575757575758,0.8160520871364245,0.5185326709973251,
BOOKKEEPER,2,44.303797468354425,37.121212121212125,20.952380952380953,NAIVEBAYES,NOBALANCING,NOSELECTION,THRESHOLD,77.0,44.0,454.0,55.0,0.6363636363636364,0.5833333333333334,0.7652808202506998,0.5106162610046608,
BOOKKEEPER,2,44.303797468354425,37.121212121212125,20.952380952380953,NAIVEBAYES,NOBALANCING,NOSELECTION,LEARNING,116.0,68.0,679.0,82.0,0.6304347826086957,0.5858585858585859,0.7803503576595946,0.5080277378646844,
BOOKKEEPER,2,53.4804753820034,50.0,20.952380952380953,NAIVEBAYES,OVERSAMPLING,NOSELECTION,NOSENSITIVE,40.0,27.0,222.0,26.0,0.5970149253731343,0.6060606060606061,0.8222587318972862,0.49487156213125183,
BOOKKEEPER,2,53.4804753820034,50.0,20.952380952380953,NAIVEBAYES,OVERSAMPLING,NOSELECTION,THRESHOLD,80.0,54.0,444.0,52.0,0.5970149253731343,0.6060606060606061,0.7684602044541804,0.49487156213125183,
BOOKKEEPER,2,53.4804753820034,50.0,20.952380952380953,NAIVEBAYES,OVERSAMPLING,NOSELECTION,LEARNING,120.0,81.0,666.0,78.0,0.5970149253731343,0.6060606060606061,0.7844137492731871,0.49487156213125183,
BOOKKEEPER,2,51.724137931034484,50.0,20.952380952380953,NAIVEBAYES,UNDERSAMPLING,NOSELECTION,NOSENSITIVE,40.0,27.0,222.0,26.0,0.5970149253731343,0.6060606060606061,0.8231714737738834,0.49487156213125183,
BOOKKEEPER,2,51.724137931034484,50.0,20.952380952380953,NAIVEBAYES,UNDERSAMPLING,NOSELECTION,THRESHOLD,80.0,55.0,443.0,52.0,0.5925925925925926,0.6060606060606061,0.7679962273335768,0.49151391717583176,
BOOKKEEPER,2,51.724137931034484,50.0,20.952380952380953,NAIVEBAYES,UNDERSAMPLING,NOSELECTION,LEARNING,120.0,83.0,664.0,78.0,0.5911330049261084,0.6060606060606061,0.7833015563939258,0.4903988183161003,
BOOKKEEPER,2,38.74538745387454,50.0,20.952380952380953,NAIVEBAYES,SMOTE,NOSELECTION,NOSENSITIVE,41.0,24.0,225.0,25.0,0.6307692307692307,0.6212121212121212,0.8129791894852135,0.5277650298301972,
BOOKKEEPER,2,38.74538745387454,50.0,20.952380952380953,NAIVEBAYES,SMOTE,NOSELECTION,THRESHOLD,82.0,48.0,450.0,50.0,0.6307692307692307,0.6212121212121212,0.7765075453328465,0.5277650298301972,
BOOKKEEPER,2,38.74538745387454,50.0,20.952380952380953,NAIVEBAYES,SMOTE,NOSELECTION,LEARNING,123.0,72.0,675.0,75.0,0.6307692307692307,0.6212121212121212,0.7875305937554934,0.5277650298301972,
BOOKKEEPER,2,44.303797468354425,37.121212121212125,20.952380952380953,NAIVEBAYES,NOBALANCING,BESTFIRST,NOSENSITIVE,39.0,23.0,226.0,27.0,0.6290322580645161,0.5909090909090909,0.79393330899355,0.5098954443614638,
BOOKKEEPER,2,44.303797468354425,37.121212121212125,20.952380952380953,NAIVEBAYES,NOBALANCING,BESTFIRST,THRESHOLD,81.0,47.0,451.0,51.0,0.6328125,0.6136363636363636,0.7770704028234149,0.5251061473140115,
BOOKKEEPER,2,44.303797468354425,37.121212121212125,20.952380952380953,NAIVEBAYES,NOBALANCING,BESTFIRST,LEARNING,123.0,71.0,676.0,75.0,0.634020618556701,0.6212121212121212,0.7776087515043338,0.5301005394801374,
BOOKKEEPER,2,53.4804753820034,50.0,20.952380952380953,NAIVEBAYES,OVERSAMPLING,BESTFIRST,NOSENSITIVE,46.0,26.0,223.0,20.0,0.6388888888888888,0.696969696969697,0.8036692223439211,0.5733969263381028,
BOOKKEEPER,2,53.4804753820034,50.0,20.952380952380953,NAIVEBAYES,OVERSAMPLING,BESTFIRST,THRESHOLD,92.0,61.0,437.0,40.0,0.6013071895424836,0.696969696969697,0.786813922356091,0.5427499676626568,
BOOKKEEPER,2,53.4804753820034,50.0,20.952380952380953,NAIVEBAYES,OVERSAMPLING,BESTFIRST,LEARNING,138.0,96.0,651.0,60.0,0.5897435897435898,0.696969696969697,0.7901707841466877,0.5328542094455853,
BOOKKEEPER,2,51.724137931034484,50.0,20.952380952380953,NAIVEBAYES,UNDERSAMPLING,BESTFIRST,NOSENSITIVE,41.0,24.0,225.0,25.0,0.6307692307692307,0.6212121212121212,0.7875745405865888,0.5277650298301972,
BOOKKEEPER,2,51.724137931034484,50.0,20.952380952380953,NAIVEBAYES,UNDERSAMPLING,BESTFIRST,THRESHOLD,88.0,57.0,441.0,44.0,0.6068965517241379,0.6666666666666666,0.7913243884629427,0.5329222638185422,
BOOKKEEPER,2,51.724137931034484,50.0,20.952380952380953,NAIVEBAYES,UNDERSAMPLING,BESTFIRST,LEARNING,135.0,90.0,657.0,63.0,0.6,0.6818181818181818,0.7896468026990116,0.5345501955671448,
BOOKKEEPER,2,38.74538745387454,50.0,20.952380952380953,NAIVEBAYES,SMOTE,BESTFIRST,NOSENSITIVE,34.0,11.0,238.0,32.0,0.7555555555555555,0.5151515151515151,0.8012960934647682,0.5333333333333334,
BOOKKEEPER,2,38.74538745387454,50.0,20.952380952380953,NAIVEBAYES,SMOTE,BESTFIRST,THRESHOLD,70.0,30.0,468.0,62.0,0.7,0.5303030303030303,0.7539171838870634,0.5160320641282564,
BOOKKEEPER,2,38.74538745387454,50.0,20.952380952380953,NAIVEBAYES,SMOTE,BESTFIRST,LEARNING,106.0,49.0,698.0,92.0,0.6838709677419355,0.5353535353535354,0.7625518910659473,0.5104976029095717,
BOOKKEEPER,2,44.303797468354425,37.121212121212125,20.952380952380953,IBK,NOBALANCING,NOSELECTION,NOSENSITIVE,52.0,65.0,184.0,14.0,0.4444444444444444,0.7878787878787878,0.7756480467323841,0.41032203028364256,
BOOKKEEPER,2,44.303797468354425,37.121212121212125,20.952380952380953,IBK,NOBALANCING,NOSELECTION,THRESHOLD,104.0,130.0,368.0,28.0,0.4444444444444444,0.7878787878787878,0.7664749908725812,0.41032203028364256,
BOOKKEEPER,2,44.303797468354425,37.121212121212125,20.952380952380953,IBK,NOBALANCING,NOSELECTION,LEARNING,156.0,195.0,552.0,42.0,0.4444444444444444,0.7878787878787878,0.7664868227117223,0.41032203028364256,
BOOKKEEPER,2,53.4804753820034,50.0,20.952380952380953,IBK,OVERSAMPLING,NOSELECTION,NOSENSITIVE,51.0,66.0,183.0,15.0,0.4358974358974359,0.7727272727272727,0.8054947060971157,0.3953934740882918,
BOOKKEEPER,2,53.4804753820034,50.0,20.952380952380953,IBK,OVERSAMPLING,NOSELECTION,THRESHOLD,102.0,132.0,366.0,30.0,0.4358974358974359,0.7727272727272727,0.7667488134355605,0.3953934740882918,
BOOKKEEPER,2,53.4804753820034,50.0,20.952380952380953,IBK,OVERSAMPLING,NOSELECTION,LEARNING,153.0,198.0,549.0,45.0,0.4358974358974359,0.7727272727272727,0.7714190093708166,0.3953934740882918,
BOOKKEEPER,2,51.724137931034484,50.0,20.952380952380953,IBK,UNDERSAMPLING,NOSELECTION,NOSENSITIVE,54.0,78.0,171.0,12.0,0.4090909090909091,0.8181818181818182,0.7595837897042717,0.36924309171005215,
BOOKKEEPER,2,51.724137931034484,50.0,20.952380952380953,IBK,UNDERSAMPLING,NOSELECTION,THRESHOLD,108.0,156.0,342.0,24.0,0.4090909090909091,0.8181818181818182,0.7542442497261774,0.36924309171005215,
BOOKKEEPER,2,51.724137931034484,50.0,20.952380952380953,IBK,UNDERSAMPLING,NOSELECTION,LEARNING,162.0,234.0,513.0,36.0,0.4090909090909091,0.8181818181818182,0.7544115857368869,0.36924309171005215,
BOOKKEEPER,2,38.74538745387454,50.0,20.952380952380953,IBK,SMOTE,NOSELECTION,NOSENSITIVE,54.0,69.0,180.0,12.0,0.43902439024390244,0.8181818181818182,0.7813070463672873,0.41072542091041375,
BOOKKEEPER,2,38.74538745387454,50.0,20.952380952380953,IBK,SMOTE,NOSELECTION,THRESHOLD,108.0,138.0,360.0,24.0,0.43902439024390244,0.8181818181818182,0.7732292807594012,0.41072542091041375,
BOOKKEEPER,2,38.74538745387454,50.0,20.952380952380953,IBK,SMOTE,NOSELECTION,LEARNING,162.0,207.0,540.0,36.0,0.43902439024390244,0.8181818181818182,0.7732952010060444,0.41072542091041375,
BOOKKEEPER,2,44.303797468354425,37.121212121212125,20.952380952380953,IBK,NOBALANCING,BESTFIRST,NOSENSITIVE,43.0,52.0,197.0,23.0,0.45263157894736844,0.6515151515151515,0.7649081173177559,0.38113948919449886,
BOOKKEEPER,2,44.303797468354425,37.121212121212125,20.952380952380953,IBK,NOBALANCING,BESTFIRST,THRESHOLD,87.0,121.0,377.0,45.0,0.4182692307692308,0.6590909090909091,0.7123113666788365,0.34345336748530975,
BOOKKEEPER,2,44.303797468354425,37.121212121212125,20.952380952380953,IBK,NOBALANCING,BESTFIRST,LEARNING,131.0,190.0,557.0,67.0,0.40809968847352024,0.6616161616161617,0.7189126877881898,0.3315746451660845,
BOOKKEEPER,2,53.4804753820034,50.0,20.952380952380953,IBK,OVERSAMPLING,BESTFIRST,NOSENSITIVE,47.0,70.0,179.0,19.0,0.4017094017094017,0.7121212121212122,0.7561457953024218,0.33567924930688847,
BOOKKEEPER,2,53.4804753820034,50.0,20.952380952380953,IBK,OVERSAMPLING,BESTFIRST,THRESHOLD,95.0,151.0,347.0,37.0,0.3861788617886179,0.7196969696969697,0.7147757697456493,0.3161504884639368,
BOOKKEEPER,2,53.4804753820034,50.0,20.952380952380953,IBK,OVERSAMPLING,BESTFIRST,LEARNING,143.0,232.0,515.0,55.0,0.38133333333333336,0.7222222222222222,0.7226549294822388,0.30985915492957744,
BOOKKEEPER,2,51.724137931034484,50.0,20.952380952380953,IBK,UNDERSAMPLING,BESTFIRST,NOSENSITIVE,53.0,70.0,179.0,13.0,0.43089430894308944,0.803030303030303,0.7707192405987586,0.3961754313032635,
BOOKKEEPER,2,51.724137931034484,50.0,20.952380952380953,IBK,UNDERSAMPLING,BESTFIRST,THRESHOLD,107.0,156.0,342.0,25.0,0.4068441064638783,0.8106060606060606,0.7449799196787149,0.36444503895930175,
BOOKKEEPER,2,51.724137931034484,50.0,20.952380952380953,IBK,UNDERSAMPLING,BESTFIRST,LEARNING,161.0,242.0,505.0,37.0,0.39950372208436724,0.8131313131313131,0.7482319851797763,0.3543517069622904,
BOOKKEEPER,2,38.74538745387454,50.0,20.952380952380953,IBK,SMOTE,BESTFIRST,NOSENSITIVE,43.0,55.0,194.0,23.0,0.4387755102040816,0.6515151515151515,0.766216380674212,0.3655097613882864,
BOOKKEEPER,2,38.74538745387454,50.0,20.952380952380953,IBK,SMOTE,BESTFIRST,THRESHOLD,87.0,124.0,374.0,45.0,0.41232227488151657,0.6590909090909091,0.7126384325179506,0.3361640043395307,
BOOKKEEPER,2,38.74538745387454,50.0,20.952380952380953,IBK,SMOTE,BESTFIRST,LEARNING,131.0,193.0,554.0,67.0,0.404320987654321,0.6616161616161617,0.7169215582870201,0.3268234945997929,
BOOKKEEPER,3,23.630504833512354,29.957805907172997,0.9090909090909091,RANDOMFOREST,NOBALANCING,NOSELECTION,NOSENSITIVE,2.0,32.0,186.0,0.0,0.058823529411764705,1.0,0.981651376146789,0.09558067831449099,
BOOKKEEPER,3,23.630504833512354,29.957805907172997,0.9090909090909091,RANDOMFOREST,NOBALANCING,NOSELECTION,THRESHOLD,4.0,121.0,315.0,0.0,0.032,1.0,0.8423165137614679,0.04519368723098975,
BOOKKEEPER,3,23.630504833512354,29.957805907172997,0.9090909090909091,RANDOMFOREST,NOBALANCING,NOSELECTION,LEARNING,6.0,199.0,455.0,0.0,0.02926829268292683,1.0,0.8797145769622834,0.039912280701754246,
BOOKKEEPER,3,18.803418803418804,50.0,0.9090909090909091,RANDOMFOREST,OVERSAMPLING,NOSELECTION,NOSENSITIVE,2.0,40.0,178.0,0.0,0.047619047619047616,1.0,0.9850917431192661,0.07485281749369241,
BOOKKEEPER,3,18.803418803418804,50.0,0.9090909090909091,RANDOMFOREST,OVERSAMPLING,NOSELECTION,THRESHOLD,4.0,138.0,298.0,0.0,0.028169014084507043,1.0,0.8276949541284404,0.037778904665314354,
BOOKKEEPER,3,18.803418803418804,50.0,0.9090909090909091,RANDOMFOREST,OVERSAMPLING,NOSELECTION,LEARNING,6.0,222.0,432.0,0.0,0.02631578947368421,1.0,0.8793323139653415,0.034171808258187296,
BOOKKEEPER,3,34.05572755417957,50.0,0.9090909090909091,RANDOMFOREST,UNDERSAMPLING,NOSELECTION,NOSENSITIVE,2.0,57.0,161.0,0.0,0.03389830508474576,1.0,0.9724770642201835,0.04884708737864086,
BOOKKEEPER,3,34.05572755417957,50.0,0.9090909090909091,RANDOMFOREST,UNDERSAMPLING,NOSELECTION,THRESHOLD,4.0,190.0,246.0,0.0,0.020618556701030927,1.0,0.8024655963302753,0.02299925205684384,
BOOKKEEPER,3,34.05572755417957,50.0,0.9090909090909091,RANDOMFOREST,UNDERSAMPLING,NOSELECTION,LEARNING,6.0,324.0,330.0,0.0,0.01818181818181818,1.0,0.8403414882772681,0.018181818181818077,
BOOKKEEPER,3,18.092105263157894,50.0,0.9090909090909091,RANDOMFOREST,SMOTE,NOSELECTION,NOSENSITIVE,2.0,32.0,186.0,0.0,0.058823529411764705,1.0,0.9885321100917431,0.09558067831449099,
BOOKKEEPER,3,18.092105263157894,50.0,0.9090909090909091,RANDOMFOREST,SMOTE,NOSELECTION,THRESHOLD,4.0,129.0,307.0,0.0,0.03007518796992481,1.0,0.8302752293577982,0.04147527695217486,
BOOKKEEPER,3,18.092105263157894,50.0,0.9090909090909091,RANDOMFOREST,SMOTE,NOSELECTION,LEARNING,6.0,219.0,435.0,0.0,0.02666666666666667,1.0,0.8654434250764526,0.03485576923076947,
BOOKKEEPER,3,23.630504833512354,29.957805907172997,0.9090909090909091,RANDOMFOREST,NOBALANCING,BESTFIRST,NOSENSITIVE,2.0,20.0,198.0,0.0,0.09090909090909091,1.0,0.9896788990825688,0.15254237288135583,
BOOKKEEPER,3,23.630504833512354,29.957805907172997,0.9090909090909091,RANDOMFOREST,NOBALANCING,BESTFIRST,THRESHOLD,4.0,82.0,354.0,0.0,0.046511627906976744,1.0,0.9085435779816514,0.07277960526315769,
BOOKKEEPER,3,23.630504833512354,29.957805907172997,0.9090909090909091,RANDOMFOREST,NOBALANCING,BESTFIRST,LEARNING,6.0,149.0,505.0,0.0,0.03870967741935484,1.0,0.9359072375127421,0.05804597701149436,
BOOKKEEPER,3,18.803418803418804,50.0,0.9090909090909091,RANDOMFOREST,OVERSAMPLING,BESTFIRST,NOSENSITIVE,2.0,34.0,184.0,0.0,0.05555555555555555,1.0,0.9793577981651376,0.08958130477117823,
BOOKKEEPER,3,18.803418803418804,50.0,0.9090909090909091,RANDOMFOREST,OVERSAMPLING,BESTFIRST,THRESHOLD,4.0,101.0,335.0,0.0,0.0380952380952381,1.0,0.8959288990825688,0.05687606112054341,
BOOKKEEPER,3,18.803418803418804,50.0,0.9090909090909091,RANDOMFOREST,OVERSAMPLING,BESTFIRST,LEARNING,6.0,186.0,468.0,0.0,0.03125,1.0,0.9232925586136596,0.04374649467190103,
BOOKKEEPER,3,34.05572755417957,50.0,0.9090909090909091,RANDOMFOREST,UNDERSAMPLING,BESTFIRST,NOSENSITIVE,2.0,48.0,170.0,0.0,0.04,1.0,0.9770642201834863,0.060498220640569485,
BOOKKEEPER,3,34.05572755417957,50.0,0.9090909090909091,RANDOMFOREST,UNDERSAMPLING,BESTFIRST,THRESHOLD,4.0,137.0,299.0,0.0,0.028368794326241134,1.0,0.8666857798165137,0.038166964513658155,
BOOKKEEPER,3,34.05572755417957,50.0,0.9090909090909091,RANDOMFOREST,UNDERSAMPLING,BESTFIRST,LEARNING,6.0,256.0,398.0,0.0,0.022900763358778626,1.0,0.9002293577981652,0.027489984804530958,
BOOKKEEPER,3,18.092105263157894,50.0,0.9090909090909091,RANDOMFOREST,SMOTE,BESTFIRST,NOSENSITIVE,2.0,23.0,195.0,0.0,0.08,1.0,0.9850917431192661,0.13356164383561697,
BOOKKEEPER,3,18.092105263157894,50.0,0.9090909090909091,RANDOMFOREST,SMOTE,BESTFIRST,THRESHOLD,4.0,87.0,349.0,0.0,0.04395604395604396,1.0,0.9045298165137615,0.06797818465134381,
BOOKKEEPER,3,18.092105263157894,50.0,0.9090909090909091,RANDOMFOREST,SMOTE,BESTFIRST,LEARNING,6.0,163.0,491.0,0.0,0.03550295857988166,1.0,0.9229102956167177,0.05192470389170894,
BOOKKEEPER,3,23.630504833512354,29.957805907172997,0.9090909090909091,NAIVEBAYES,NOBALANCING,NOSELECTION,NOSENSITIVE,1.0,9.0,209.0,1.0,0.1,0.5,0.9690366972477065,0.15384615384615527,
BOOKKEEPER,3,23.630504833512354,29.957805907172997,0.9090909090909091,NAIVEBAYES,NOBALANCING,NOSELECTION,THRESHOLD,2.0,18.0,418.0,2.0,0.1,0.5,0.7909977064220184,0.15384615384615527,
BOOKKEEPER,3,23.630504833512354,29.957805907172997,0.9090909090909091,NAIVEBAYES,NOBALANCING,NOSELECTION,LEARNING,3.0,27.0,627.0,3.0,0.1,0.5,0.8374108053007135,0.15384615384615527,
BOOKKEEPER,3,18.803418803418804,50.0,0.9090909090909091,NAIVEBAYES,OVERSAMPLING,NOSELECTION,NOSENSITIVE,2.0,15.0,203.0,0.0,0.11764705882352941,1.0,0.9529816513761468,0.19747081712062228,
BOOKKEEPER,3,18.803418803418804,50.0,0.9090909090909091,NAIVEBAYES,OVERSAMPLING,NOSELECTION,THRESHOLD,4.0,31.0,405.0,0.0,0.11428571428571428,1.0,0.9590022935779816,0.19194312796208582,
BOOKKEEPER,3,18.803418803418804,50.0,0.9090909090909091,NAIVEBAYES,OVERSAMPLING,NOSELECTION,LEARNING,6.0,47.0,607.0,0.0,0.11320754716981132,1.0,0.9571865443425076,0.19016290726817117,
BOOKKEEPER,3,34.05572755417957,50.0,0.9090909090909091,NAIVEBAYES,UNDERSAMPLING,NOSELECTION,NOSENSITIVE,1.0,6.0,212.0,1.0,0.14285714285714285,0.5,0.9724770642201835,0.2110655737704918,
BOOKKEEPER,3,34.05572755417957,50.0,0.9090909090909091,NAIVEBAYES,UNDERSAMPLING,NOSELECTION,THRESHOLD,2.0,12.0,424.0,2.0,0.14285714285714285,0.5,0.7964449541284404,0.2110655737704918,
BOOKKEEPER,3,34.05572755417957,50.0,0.9090909090909091,NAIVEBAYES,UNDERSAMPLING,NOSELECTION,LEARNING,3.0,18.0,636.0,3.0,0.14285714285714285,0.5,0.8422528032619776,0.2110655737704918,
BOOKKEEPER,3,18.092105263157894,50.0,0.9090909090909091,NAIVEBAYES,SMOTE,NOSELECTION,NOSENSITIVE,2.0,11.0,207.0,0.0,0.15384615384615385,1.0,0.9931192660550459,0.254926108374384,
BOOKKEEPER,3,18.092105263157894,50.0,0.9090909090909091,NAIVEBAYES,SMOTE,NOSELECTION,THRESHOLD,4.0,22.0,414.0,0.0,0.15384615384615385,1.0,0.9839449541284404,0.254926108374384,
BOOKKEEPER,3,18.092105263157894,50.0,0.9090909090909091,NAIVEBAYES,SMOTE,NOSELECTION,LEARNING,6.0,33.0,621.0,0.0,0.15384615384615385,1.0,0.9870030581039755,0.254926108374384,
BOOKKEEPER,3,23.630504833512354,29.957805907172997,0.9090909090909091,NAIVEBAYES,NOBALANCING,BESTFIRST,NOSENSITIVE,2.0,6.0,212.0,0.0,0.25,1.0,0.9896788990825688,0.39114391143911603,
BOOKKEEPER,3,23.630504833512354,29.957805907172997,0.9090909090909091,NAIVEBAYES,NOBALANCING,BESTFIRST,THRESHOLD,4.0,17.0,419.0,0.0,0.19047619047619047,1.0,0.9779243119266054,0.3094534711964545,
BOOKKEEPER,3,23.630504833512354,29.957805907172997,0.9090909090909091,NAIVEBAYES,NOBALANCING,BESTFIRST,LEARNING,6.0,28.0,626.0,0.0,0.17647058823529413,1.0,0.9803771661569827,0.28901200369344376,
BOOKKEEPER,3,18.803418803418804,50.0,0.9090909090909091,NAIVEBAYES,OVERSAMPLING,BESTFIRST,NOSENSITIVE,2.0,18.0,200.0,0.0,0.1,1.0,0.9782110091743119,0.16806722689075682,
BOOKKEEPER,3,18.803418803418804,50.0,0.9090909090909091,NAIVEBAYES,OVERSAMPLING,BESTFIRST,THRESHOLD,4.0,46.0,390.0,0.0,0.08,1.0,0.9458142201834863,0.13356164383561697,
BOOKKEEPER,3,18.803418803418804,50.0,0.9090909090909091,NAIVEBAYES,OVERSAMPLING,BESTFIRST,LEARNING,6.0,74.0,580.0,0.0,0.075,1.0,0.95361875637105,0.12473118279569947,
BOOKKEEPER,3,34.05572755417957,50.0,0.9090909090909091,NAIVEBAYES,UNDERSAMPLING,BESTFIRST,NOSENSITIVE,1.0,3.0,215.0,1.0,0.25,0.5,0.9908256880733946,0.3251533742331299,
BOOKKEEPER,3,34.05572755417957,50.0,0.9090909090909091,NAIVEBAYES,UNDERSAMPLING,BESTFIRST,THRESHOLD,3.0,17.0,419.0,1.0,0.15,0.75,0.9730504587155964,0.23846153846153934,
BOOKKEEPER,3,34.05572755417957,50.0,0.9090909090909091,NAIVEBAYES,UNDERSAMPLING,BESTFIRST,LEARNING,5.0,31.0,623.0,1.0,0.1388888888888889,0.8333333333333334,0.9742609582059123,0.22603342128408174,
BOOKKEEPER,3,18.092105263157894,50.0,0.9090909090909091,NAIVEBAYES,SMOTE,BESTFIRST,NOSENSITIVE,1.0,2.0,216.0,1.0,0.3333333333333333,0.5,0.9931192660550459,0.3933823529411765,
BOOKKEEPER,3,18.092105263157894,50.0,0.9090909090909091,NAIVEBAYES,SMOTE,BESTFIRST,THRESHOLD,3.0,6.0,430.0,1.0,0.3333333333333333,0.75,0.9919724770642202,0.454674220963175,
BOOKKEEPER,3,18.092105263157894,50.0,0.9090909090909091,NAIVEBAYES,SMOTE,BESTFIRST,LEARNING,5.0,10.0,644.0,1.0,0.3333333333333333,0.8333333333333334,0.9915902140672783,0.46929824561403427,
BOOKKEEPER,3,23.630504833512354,29.957805907172997,0.9090909090909091,IBK,NOBALANCING,NOSELECTION,NOSENSITIVE,1.0,14.0,204.0,1.0,0.06666666666666667,0.5,0.7477064220183486,0.10326086956521714,
BOOKKEEPER,3,23.630504833512354,29.957805907172997,0.9090909090909091,IBK,NOBALANCING,NOSELECTION,THRESHOLD,2.0,28.0,408.0,2.0,0.06666666666666667,0.5,0.7253440366972477,0.10326086956521714,
BOOKKEEPER,3,23.630504833512354,29.957805907172997,0.9090909090909091,IBK,NOBALANCING,NOSELECTION,LEARNING,3.0,42.0,612.0,3.0,0.06666666666666667,0.5,0.7252803261977574,0.10326086956521714,
BOOKKEEPER,3,18.803418803418804,50.0,0.9090909090909091,IBK,OVERSAMPLING,NOSELECTION,NOSENSITIVE,1.0,21.0,197.0,1.0,0.045454545454545456,0.5,0.6215596330275229,0.06779661016949194,
BOOKKEEPER,3,18.803418803418804,50.0,0.9090909090909091,IBK,OVERSAMPLING,NOSELECTION,THRESHOLD,2.0,42.0,394.0,2.0,0.045454545454545456,0.5,0.6817660550458715,0.06779661016949194,
BOOKKEEPER,3,18.803418803418804,50.0,0.9090909090909091,IBK,OVERSAMPLING,NOSELECTION,LEARNING,3.0,63.0,591.0,3.0,0.045454545454545456,0.5,0.6837410805300713,0.06779661016949194,
BOOKKEEPER,3,34.05572755417957,50.0,0.9090909090909091,IBK,UNDERSAMPLING,NOSELECTION,NOSENSITIVE,1.0,29.0,189.0,1.0,0.03333333333333333,0.5,0.7006880733944955,0.04624277456647414,
BOOKKEEPER,3,34.05572755417957,50.0,0.9090909090909091,IBK,UNDERSAMPLING,NOSELECTION,THRESHOLD,2.0,58.0,378.0,2.0,0.03333333333333333,0.5,0.6877866972477065,0.04624277456647414,
BOOKKEEPER,3,34.05572755417957,50.0,0.9090909090909091,IBK,UNDERSAMPLING,NOSELECTION,LEARNING,3.0,87.0,567.0,3.0,0.03333333333333333,0.5,0.6873088685015291,0.04624277456647414,
BOOKKEEPER,3,18.092105263157894,50.0,0.9090909090909091,IBK,SMOTE,NOSELECTION,NOSENSITIVE,1.0,15.0,203.0,1.0,0.0625,0.5,0.7454128440366973,0.09650924024640666,
BOOKKEEPER,3,18.092105263157894,50.0,0.9090909090909091,IBK,SMOTE,NOSELECTION,THRESHOLD,2.0,30.0,406.0,2.0,0.0625,0.5,0.7230504587155964,0.09650924024640666,
BOOKKEEPER,3,18.092105263157894,50.0,0.9090909090909091,IBK,SMOTE,NOSELECTION,LEARNING,3.0,45.0,609.0,3.0,0.0625,0.5,0.7222222222222222,0.09650924024640666,
BOOKKEEPER,3,23.630504833512354,29.957805907172997,0.9090909090909091,IBK,NOBALANCING,BESTFIRST,NOSENSITIVE,2.0,27.0,191.0,0.0,0.06896551724137931,1.0,0.9610091743119266,0.1139618138424825,
BOOKKEEPER,3,23.630504833512354,29.957805907172997,0.9090909090909091,IBK,NOBALANCING,BESTFIRST,THRESHOLD,4.0,63.0,373.0,0.0,0.05970149253731343,1.0,0.9283256880733946,0.09718603439291297,
BOOKKEEPER,3,23.630504833512354,29.957805907172997,0.9090909090909091,IBK,NOBALANCING,BESTFIRST,LEARNING,6.0,99.0,555.0,0.0,0.05714285714285714,1.0,0.9367991845056065,0.09249999999999989,
BOOKKEEPER,3,18.803418803418804,50.0,0.9090909090909091,IBK,OVERSAMPLING,BESTFIRST,NOSENSITIVE,2.0,41.0,177.0,0.0,0.046511627906976744,1.0,0.9598623853211009,0.07277960526315769,
BOOKKEEPER,3,18.803418803418804,50.0,0.9090909090909091,IBK,OVERSAMPLING,BESTFIRST,THRESHOLD,4.0,85.0,351.0,0.0,0.0449438202247191,1.0,0.9142775229357798,0.06983684838838014,
BOOKKEEPER,3,18.803418803418804,50.0,0.9090909090909091,IBK,OVERSAMPLING,BESTFIRST,LEARNING,6.0,129.0,525.0,0.0,0.044444444444444446,1.0,0.9258409785932722,0.06889763779527563,
BOOKKEEPER,3,34.05572755417957,50.0,0.9090909090909091,IBK,UNDERSAMPLING,BESTFIRST,NOSENSITIVE,2.0,55.0,163.0,0.0,0.03508771929824561,1.0,0.9013761467889908,0.051129234629861874,
BOOKKEEPER,3,34.05572755417957,50.0,0.9090909090909091,IBK,UNDERSAMPLING,BESTFIRST,THRESHOLD,4.0,114.0,322.0,0.0,0.03389830508474576,1.0,0.8738532110091743,0.04884708737864086,
BOOKKEEPER,3,34.05572755417957,50.0,0.9090909090909091,IBK,UNDERSAMPLING,BESTFIRST,LEARNING,6.0,173.0,481.0,0.0,0.0335195530726257,1.0,0.8809887869520897,0.04811924769907964,
BOOKKEEPER,3,18.092105263157894,50.0,0.9090909090909091,IBK,SMOTE,BESTFIRST,NOSENSITIVE,2.0,27.0,191.0,0.0,0.06896551724137931,1.0,0.9587155963302753,0.1139618138424825,
BOOKKEEPER,3,18.092105263157894,50.0,0.9090909090909091,IBK,SMOTE,BESTFIRST,THRESHOLD,4.0,63.0,373.0,0.0,0.05970149253731343,1.0,0.9277522935779816,0.09718603439291297,
BOOKKEEPER,3,18.092105263157894,50.0,0.9090909090909091,IBK,SMOTE,BESTFIRST,LEARNING,6.0,99.0,555.0,0.0,0.05714285714285714,1.0,0.9357798165137615,0.09249999999999989,
BOOKKEEPER,4,25.280898876404496,23.09344790547798,12.380952380952381,RANDOMFOREST,NOBALANCING,NOSELECTION,NOSENSITIVE,7.0,1.0,275.0,32.0,0.875,0.1794871794871795,0.9065403195837979,0.2669769409773642,
BOOKKEEPER,4,25.280898876404496,23.09344790547798,12.380952380952381,RANDOMFOREST,NOBALANCING,NOSELECTION,THRESHOLD,40.0,33.0,519.0,38.0,0.547945205479452,0.5128205128205128,0.882803790412486,0.4658594253779462,
BOOKKEEPER,4,25.280898876404496,23.09344790547798,12.380952380952381,RANDOMFOREST,NOBALANCING,NOSELECTION,LEARNING,52.0,39.0,789.0,65.0,0.5714285714285714,0.4444444444444444,0.8854153763574053,0.4392523364485979,
BOOKKEEPER,4,12.686266612968183,50.0,12.380952380952381,RANDOMFOREST,OVERSAMPLING,NOSELECTION,NOSENSITIVE,7.0,2.0,274.0,32.0,0.7777777777777778,0.1794871794871795,0.8836399108138239,0.2571785268414484,
BOOKKEEPER,4,12.686266612968183,50.0,12.380952380952381,RANDOMFOREST,OVERSAMPLING,NOSELECTION,THRESHOLD,39.0,36.0,516.0,39.0,0.52,0.5,0.8627136752136753,0.4420828905419764,
BOOKKEEPER,4,12.686266612968183,50.0,12.380952380952381,RANDOMFOREST,OVERSAMPLING,NOSELECTION,LEARNING,47.0,39.0,789.0,70.0,0.5465116279069767,0.4017094017094017,0.868476196374747,0.40012579275643406,
BOOKKEEPER,4,42.281879194630875,50.0,12.380952380952381,RANDOMFOREST,UNDERSAMPLING,NOSELECTION,NOSENSITIVE,24.0,18.0,258.0,15.0,0.5714285714285714,0.6153846153846154,0.9020810107766629,0.5325779036827198,
BOOKKEEPER,4,42.281879194630875,50.0,12.380952380952381,RANDOMFOREST,UNDERSAMPLING,NOSELECTION,THRESHOLD,61.0,129.0,423.0,17.0,0.32105263157894737,0.782051282051282,0.8051374953548867,0.3392241379310347,
BOOKKEEPER,4,42.281879194630875,50.0,12.380952380952381,RANDOMFOREST,UNDERSAMPLING,NOSELECTION,LEARNING,92.0,167.0,661.0,25.0,0.3552123552123552,0.7863247863247863,0.8218650646186878,0.38435228730226584,
BOOKKEEPER,4,18.04123711340206,49.96505939902166,12.380952380952381,RANDOMFOREST,SMOTE,NOSELECTION,NOSENSITIVE,7.0,0.0,276.0,32.0,1.0,0.1794871794871795,0.8785767372723895,0.2771084337349398,
BOOKKEEPER,4,18.04123711340206,49.96505939902166,12.380952380952381,RANDOMFOREST,SMOTE,NOSELECTION,THRESHOLD,37.0,31.0,521.0,41.0,0.5441176470588235,0.47435897435897434,0.8477099591230026,0.4425600943813594,
BOOKKEEPER,4,18.04123711340206,49.96505939902166,12.380952380952381,RANDOMFOREST,SMOTE,NOSELECTION,LEARNING,54.0,39.0,789.0,63.0,0.5806451612903226,0.46153846153846156,0.8513718568066394,0.4544621026894868,
BOOKKEEPER,4,25.280898876404496,23.09344790547798,12.380952380952381,RANDOMFOREST,NOBALANCING,BESTFIRST,NOSENSITIVE,7.0,1.0,275.0,32.0,0.875,0.1794871794871795,0.6721479004087699,0.2669769409773642,
BOOKKEEPER,4,25.280898876404496,23.09344790547798,12.380952380952381,RANDOMFOREST,NOBALANCING,BESTFIRST,THRESHOLD,14.0,4.0,548.0,64.0,0.7777777777777778,0.1794871794871795,0.6275431995540691,0.2571785268414484,
BOOKKEEPER,4,25.280898876404496,23.09344790547798,12.380952380952381,RANDOMFOREST,NOBALANCING,BESTFIRST,LEARNING,21.0,8.0,820.0,96.0,0.7241379310344828,0.1794871794871795,0.6684008423138857,0.2508232711306256,
BOOKKEEPER,4,12.686266612968183,50.0,12.380952380952381,RANDOMFOREST,OVERSAMPLING,BESTFIRST,NOSENSITIVE,7.0,1.0,275.0,32.0,0.875,0.1794871794871795,0.6056298773690078,0.2669769409773642,
BOOKKEEPER,4,12.686266612968183,50.0,12.380952380952381,RANDOMFOREST,OVERSAMPLING,BESTFIRST,THRESHOLD,14.0,4.0,548.0,64.0,0.7777777777777778,0.1794871794871795,0.5947835377183204,0.2571785268414484,
BOOKKEEPER,4,12.686266612968183,50.0,12.380952380952381,RANDOMFOREST,OVERSAMPLING,BESTFIRST,LEARNING,21.0,8.0,820.0,96.0,0.7241379310344828,0.1794871794871795,0.6220064825137289,0.2508232711306256,
BOOKKEEPER,4,42.281879194630875,50.0,12.380952380952381,RANDOMFOREST,UNDERSAMPLING,BESTFIRST,NOSENSITIVE,7.0,4.0,272.0,32.0,0.6363636363636364,0.1794871794871795,0.8110832404310665,0.23851732473811396,
BOOKKEEPER,4,42.281879194630875,50.0,12.380952380952381,RANDOMFOREST,UNDERSAMPLING,BESTFIRST,THRESHOLD,29.0,26.0,526.0,49.0,0.5272727272727272,0.3717948717948718,0.7753158677071721,0.37175907459114466,
BOOKKEEPER,4,42.281879194630875,50.0,12.380952380952381,RANDOMFOREST,UNDERSAMPLING,BESTFIRST,LEARNING,37.0,30.0,798.0,80.0,0.5522388059701493,0.3162393162393162,0.7855609232420827,0.3429286608260325,
BOOKKEEPER,4,18.04123711340206,49.96505939902166,12.380952380952381,RANDOMFOREST,SMOTE,BESTFIRST,NOSENSITIVE,7.0,1.0,275.0,32.0,0.875,0.1794871794871795,0.7810758082497213,0.2669769409773642,
BOOKKEEPER,4,18.04123711340206,49.96505939902166,12.380952380952381,RANDOMFOREST,SMOTE,BESTFIRST,THRESHOLD,18.0,6.0,546.0,60.0,0.75,0.23076923076923078,0.7038740245261984,0.3129089827483641,
BOOKKEEPER,4,18.04123711340206,49.96505939902166,12.380952380952381,RANDOMFOREST,SMOTE,BESTFIRST,LEARNING,25.0,10.0,818.0,92.0,0.7142857142857143,0.21367521367521367,0.7364982038895083,0.2883720930232561,
BOOKKEEPER,4,25.280898876404496,23.09344790547798,12.380952380952381,NAIVEBAYES,NOBALANCING,NOSELECTION,NOSENSITIVE,12.0,7.0,269.0,27.0,0.631578947368421,0.3076923076923077,0.8719342251950948,0.3620443173695501,
BOOKKEEPER,4,25.280898876404496,23.09344790547798,12.380952380952381,NAIVEBAYES,NOBALANCING,NOSELECTION,THRESHOLD,27.0,15.0,537.0,51.0,0.6428571428571429,0.34615384615384615,0.7263679858788554,0.3978102189781025,
BOOKKEEPER,4,25.280898876404496,23.09344790547798,12.380952380952381,NAIVEBAYES,NOBALANCING,NOSELECTION,LEARNING,42.0,23.0,805.0,75.0,0.6461538461538462,0.358974358974359,0.7544799537553161,0.4092996555683119,
BOOKKEEPER,4,12.686266612968183,50.0,12.380952380952381,NAIVEBAYES,OVERSAMPLING,NOSELECTION,NOSENSITIVE,14.0,8.0,268.0,25.0,0.6363636363636364,0.358974358974359,0.8633872166480863,0.40596605520315476,
BOOKKEEPER,4,12.686266612968183,50.0,12.380952380952381,NAIVEBAYES,OVERSAMPLING,NOSELECTION,THRESHOLD,30.0,16.0,536.0,48.0,0.6521739130434783,0.38461538461538464,0.7338233927907841,0.43166441136671196,
BOOKKEEPER,4,12.686266612968183,50.0,12.380952380952381,NAIVEBAYES,OVERSAMPLING,NOSELECTION,LEARNING,46.0,24.0,804.0,71.0,0.6571428571428571,0.39316239316239315,0.7605805359428548,0.44007858546168926,
BOOKKEEPER,4,42.281879194630875,50.0,12.380952380952381,NAIVEBAYES,UNDERSAMPLING,NOSELECTION,NOSENSITIVE,18.0,19.0,257.0,21.0,0.4864864864864865,0.46153846153846156,0.8641304347826086,0.4015388999715018,
BOOKKEEPER,4,42.281879194630875,50.0,12.380952380952381,NAIVEBAYES,UNDERSAMPLING,NOSELECTION,THRESHOLD,37.0,39.0,513.0,41.0,0.4868421052631579,0.47435897435897434,0.7482232441471572,0.4082006481611948,
BOOKKEEPER,4,42.281879194630875,50.0,12.380952380952381,NAIVEBAYES,UNDERSAMPLING,NOSELECTION,LEARNING,56.0,59.0,769.0,61.0,0.48695652173913045,0.47863247863247865,0.7715430034270614,0.41038839494618634,
BOOKKEEPER,4,18.04123711340206,49.96505939902166,12.380952380952381,NAIVEBAYES,SMOTE,NOSELECTION,NOSENSITIVE,13.0,7.0,269.0,26.0,0.65,0.3333333333333333,0.8743032329988851,0.3894273127753307,
BOOKKEEPER,4,18.04123711340206,49.96505939902166,12.380952380952381,NAIVEBAYES,SMOTE,NOSELECTION,THRESHOLD,26.0,14.0,538.0,52.0,0.65,0.3333333333333333,0.7094133221850614,0.3894273127753307,
BOOKKEEPER,4,18.04123711340206,49.96505939902166,12.380952380952381,NAIVEBAYES,SMOTE,NOSELECTION,LEARNING,39.0,21.0,807.0,78.0,0.65,0.3333333333333333,0.7434607126636112,0.3894273127753307,
BOOKKEEPER,4,25.280898876404496,23.09344790547798,12.380952380952381,NAIVEBAYES,NOBALANCING,BESTFIRST,NOSENSITIVE,4.0,0.0,276.0,35.0,1.0,0.10256410256410256,0.8061129691564474,0.1668555883019719,
BOOKKEEPER,4,25.280898876404496,23.09344790547798,12.380952380952381,NAIVEBAYES,NOBALANCING,BESTFIRST,THRESHOLD,11.0,0.0,552.0,67.0,1.0,0.14102564102564102,0.6438359345968042,0.22342421900872084,
BOOKKEEPER,4,25.280898876404496,23.09344790547798,12.380952380952381,NAIVEBAYES,NOBALANCING,BESTFIRST,LEARNING,18.0,0.0,828.0,99.0,1.0,0.15384615384615385,0.6374953548866592,0.24162836506894303,
BOOKKEEPER,4,12.686266612968183,50.0,12.380952380952381,NAIVEBAYES,OVERSAMPLING,BESTFIRST,NOSENSITIVE,7.0,0.0,276.0,32.0,1.0,0.1794871794871795,0.8070419918246006,0.2771084337349398,
BOOKKEEPER,4,12.686266612968183,50.0,12.380952380952381,NAIVEBAYES,OVERSAMPLING,BESTFIRST,THRESHOLD,14.0,1.0,551.0,64.0,0.9333333333333333,0.1794871794871795,0.6427443329617243,0.2720000000000001,
BOOKKEEPER,4,12.686266612968183,50.0,12.380952380952381,NAIVEBAYES,OVERSAMPLING,BESTFIRST,LEARNING,21.0,2.0,826.0,96.0,0.9130434782608695,0.1794871794871795,0.6366850406705479,0.27031626719614216,
BOOKKEEPER,4,42.281879194630875,50.0,12.380952380952381,NAIVEBAYES,UNDERSAMPLING,BESTFIRST,NOSENSITIVE,13.0,7.0,269.0,26.0,0.65,0.3333333333333333,0.8065310293571163,0.3894273127753307,
BOOKKEEPER,4,42.281879194630875,50.0,12.380952380952381,NAIVEBAYES,UNDERSAMPLING,BESTFIRST,THRESHOLD,26.0,14.0,538.0,52.0,0.65,0.3333333333333333,0.6920638238573021,0.3894273127753307,
BOOKKEEPER,4,42.281879194630875,50.0,12.380952380952381,NAIVEBAYES,UNDERSAMPLING,BESTFIRST,LEARNING,39.0,21.0,807.0,78.0,0.65,0.3333333333333333,0.7022327511457946,0.3894273127753307,
BOOKKEEPER,4,18.04123711340206,49.96505939902166,12.380952380952381,NAIVEBAYES,SMOTE,BESTFIRST,NOSENSITIVE,7.0,0.0,276.0,32.0,1.0,0.1794871794871795,0.794593088071349,0.2771084337349398,
BOOKKEEPER,4,18.04123711340206,49.96505939902166,12.380952380952381,NAIVEBAYES,SMOTE,BESTFIRST,THRESHOLD,14.0,0.0,552.0,64.0,1.0,0.1794871794871795,0.6409559643255296,0.2771084337349398,
BOOKKEEPER,4,18.04123711340206,49.96505939902166,12.380952380952381,NAIVEBAYES,SMOTE,BESTFIRST,LEARNING,21.0,0.0,828.0,96.0,1.0,0.1794871794871795,0.634935381312193,0.2771084337349398,
BOOKKEEPER,4,25.280898876404496,23.09344790547798,12.380952380952381,IBK,NOBALANCING,NOSELECTION,NOSENSITIVE,4.0,2.0,274.0,35.0,0.6666666666666666,0.10256410256410256,0.5749721293199554,0.1497045305318447,
BOOKKEEPER,4,25.280898876404496,23.09344790547798,12.380952380952381,IBK,NOBALANCING,NOSELECTION,THRESHOLD,8.0,4.0,548.0,70.0,0.6666666666666666,0.10256410256410256,0.5544871794871795,0.1497045305318447,
BOOKKEEPER,4,25.280898876404496,23.09344790547798,12.380952380952381,IBK,NOBALANCING,NOSELECTION,LEARNING,12.0,6.0,822.0,105.0,0.6666666666666666,0.10256410256410256,0.5540794417606012,0.1497045305318447,
BOOKKEEPER,4,12.686266612968183,50.0,12.380952380952381,IBK,OVERSAMPLING,NOSELECTION,NOSENSITIVE,4.0,2.0,274.0,35.0,0.6666666666666666,0.10256410256410256,0.5526291341508733,0.1497045305318447,
BOOKKEEPER,4,12.686266612968183,50.0,12.380952380952381,IBK,OVERSAMPLING,NOSELECTION,THRESHOLD,8.0,4.0,548.0,70.0,0.6666666666666666,0.10256410256410256,0.5489014306949089,0.1497045305318447,
BOOKKEEPER,4,12.686266612968183,50.0,12.380952380952381,IBK,OVERSAMPLING,NOSELECTION,LEARNING,12.0,6.0,822.0,105.0,0.6666666666666666,0.10256410256410256,0.5504459308807135,0.1497045305318447,
BOOKKEEPER,4,42.281879194630875,50.0,12.380952380952381,IBK,UNDERSAMPLING,NOSELECTION,NOSENSITIVE,17.0,12.0,264.0,22.0,0.5862068965517241,0.4358974358974359,0.7146042363433668,0.4409646100845602,
BOOKKEEPER,4,42.281879194630875,50.0,12.380952380952381,IBK,UNDERSAMPLING,NOSELECTION,THRESHOLD,34.0,24.0,528.0,44.0,0.5862068965517241,0.4358974358974359,0.7008082497212932,0.4409646100845602,
BOOKKEEPER,4,42.281879194630875,50.0,12.380952380952381,IBK,UNDERSAMPLING,NOSELECTION,LEARNING,51.0,36.0,792.0,66.0,0.5862068965517241,0.4358974358974359,0.700297287253809,0.4409646100845602,
BOOKKEEPER,4,18.04123711340206,49.96505939902166,12.380952380952381,IBK,SMOTE,NOSELECTION,NOSENSITIVE,4.0,2.0,274.0,35.0,0.6666666666666666,0.10256410256410256,0.5749721293199554,0.1497045305318447,
BOOKKEEPER,4,18.04123711340206,49.96505939902166,12.380952380952381,IBK,SMOTE,NOSELECTION,THRESHOLD,8.0,4.0,548.0,70.0,0.6666666666666666,0.10256410256410256,0.5544871794871795,0.1497045305318447,
BOOKKEEPER,4,18.04123711340206,49.96505939902166,12.380952380952381,IBK,SMOTE,NOSELECTION,LEARNING,12.0,6.0,822.0,105.0,0.6666666666666666,0.10256410256410256,0.5537284776415211,0.1497045305318447,
BOOKKEEPER,4,25.280898876404496,23.09344790547798,12.380952380952381,IBK,NOBALANCING,BESTFIRST,NOSENSITIVE,7.0,1.0,275.0,32.0,0.875,0.1794871794871795,0.8181902638424378,0.2669769409773642,
BOOKKEEPER,4,25.280898876404496,23.09344790547798,12.380952380952381,IBK,NOBALANCING,BESTFIRST,THRESHOLD,14.0,2.0,550.0,64.0,0.875,0.1794871794871795,0.6454965626161279,0.2669769409773642,
BOOKKEEPER,4,25.280898876404496,23.09344790547798,12.380952380952381,IBK,NOBALANCING,BESTFIRST,LEARNING,21.0,3.0,825.0,96.0,0.875,0.1794871794871795,0.6825684380032206,0.2669769409773642,
BOOKKEEPER,4,12.686266612968183,50.0,12.380952380952381,IBK,OVERSAMPLING,BESTFIRST,NOSENSITIVE,7.0,1.0,275.0,32.0,0.875,0.1794871794871795,0.7737365291713117,0.2669769409773642,
BOOKKEEPER,4,12.686266612968183,50.0,12.380952380952381,IBK,OVERSAMPLING,BESTFIRST,THRESHOLD,14.0,2.0,550.0,64.0,0.875,0.1794871794871795,0.6343831289483464,0.2669769409773642,
BOOKKEEPER,4,12.686266612968183,50.0,12.380952380952381,IBK,OVERSAMPLING,BESTFIRST,LEARNING,21.0,3.0,825.0,96.0,0.875,0.1794871794871795,0.6631002518683679,0.2669769409773642,
BOOKKEEPER,4,42.281879194630875,50.0,12.380952380952381,IBK,UNDERSAMPLING,BESTFIRST,NOSENSITIVE,7.0,4.0,272.0,32.0,0.6363636363636364,0.1794871794871795,0.748652917131178,0.23851732473811396,
BOOKKEEPER,4,42.281879194630875,50.0,12.380952380952381,IBK,UNDERSAMPLING,BESTFIRST,THRESHOLD,14.0,8.0,544.0,64.0,0.6363636363636364,0.1794871794871795,0.6240361389817911,0.23851732473811396,
BOOKKEEPER,4,42.281879194630875,50.0,12.380952380952381,IBK,UNDERSAMPLING,BESTFIRST,LEARNING,21.0,12.0,816.0,96.0,0.6363636363636364,0.1794871794871795,0.6475287997027127,0.23851732473811396,
BOOKKEEPER,4,18.04123711340206,49.96505939902166,12.380952380952381,IBK,SMOTE,BESTFIRST,NOSENSITIVE,7.0,1.0,275.0,32.0,0.875,0.1794871794871795,0.8181902638424378,0.2669769409773642,
BOOKKEEPER,4,18.04123711340206,49.96505939902166,12.380952380952381,IBK,SMOTE,BESTFIRST,THRESHOLD,14.0,2.0,550.0,64.0,0.875,0.1794871794871795,0.6454965626161279,0.2669769409773642,
BOOKKEEPER,4,18.04123711340206,49.96505939902166,12.380952380952381,IBK,SMOTE,BESTFIRST,LEARNING,21.0,3.0,825.0,96.0,0.875,0.1794871794871795,0.6764472108675007,0.2669769409773642,
BOOKKEEPER,5,20.179372197309416,20.38523274478331,1.2698412698412698,RANDOMFOREST,NOBALANCING,NOSELECTION,NOSENSITIVE,3.0,33.0,278.0,1.0,0.08333333333333333,0.75,0.9119774919614148,0.1301169590643282,
BOOKKEEPER,5,20.179372197309416,20.38523274478331,1.2698412698412698,RANDOMFOREST,NOBALANCING,NOSELECTION,THRESHOLD,7.0,101.0,521.0,1.0,0.06481481481481481,0.875,0.8960008038585209,0.09939455095862793,
BOOKKEEPER,5,20.179372197309416,20.38523274478331,1.2698412698412698,RANDOMFOREST,NOBALANCING,NOSELECTION,LEARNING,11.0,152.0,781.0,1.0,0.06748466257668712,0.9166666666666666,0.8979546266523758,0.10453168837442628,
BOOKKEEPER,5,8.005082592121983,50.0,1.2698412698412698,RANDOMFOREST,OVERSAMPLING,NOSELECTION,NOSENSITIVE,4.0,34.0,277.0,0.0,0.10526315789473684,1.0,0.9288585209003215,0.171437412966115,
BOOKKEEPER,5,8.005082592121983,50.0,1.2698412698412698,RANDOMFOREST,OVERSAMPLING,NOSELECTION,THRESHOLD,8.0,98.0,524.0,0.0,0.07547169811320754,1.0,0.9082596463022508,0.11955963721407799,
BOOKKEEPER,5,8.005082592121983,50.0,1.2698412698412698,RANDOMFOREST,OVERSAMPLING,NOSELECTION,LEARNING,12.0,150.0,783.0,0.0,0.07407407407407407,1.0,0.9095659163987139,0.1170534813319881,
BOOKKEEPER,5,38.27460510328068,50.0,1.2698412698412698,RANDOMFOREST,UNDERSAMPLING,NOSELECTION,NOSENSITIVE,4.0,59.0,252.0,0.0,0.06349206349206349,1.0,0.912379421221865,0.09785932721712526,
BOOKKEEPER,5,38.27460510328068,50.0,1.2698412698412698,RANDOMFOREST,UNDERSAMPLING,NOSELECTION,THRESHOLD,8.0,223.0,399.0,0.0,0.03463203463203463,1.0,0.7795418006430869,0.04346582785244511,
BOOKKEEPER,5,38.27460510328068,50.0,1.2698412698412698,RANDOMFOREST,UNDERSAMPLING,NOSELECTION,LEARNING,12.0,381.0,552.0,0.0,0.030534351145038167,1.0,0.8087709896391568,0.0354895484244279,
BOOKKEEPER,5,13.707571801566578,49.974785678265256,1.2698412698412698,RANDOMFOREST,SMOTE,NOSELECTION,NOSENSITIVE,4.0,33.0,278.0,0.0,0.10810810810810811,1.0,0.9115755627009646,0.1762421744987717,
BOOKKEEPER,5,13.707571801566578,49.974785678265256,1.2698412698412698,RANDOMFOREST,SMOTE,NOSELECTION,THRESHOLD,8.0,113.0,509.0,0.0,0.06611570247933884,1.0,0.8814308681672026,0.10265459954118036,
BOOKKEEPER,5,13.707571801566578,49.974785678265256,1.2698412698412698,RANDOMFOREST,SMOTE,NOSELECTION,LEARNING,12.0,193.0,740.0,0.0,0.05853658536585366,1.0,0.8881743479814219,0.08873566664168486,
BOOKKEEPER,5,20.179372197309416,20.38523274478331,1.2698412698412698,RANDOMFOREST,NOBALANCING,BESTFIRST,NOSENSITIVE,2.0,23.0,288.0,2.0,0.08,0.5,0.8456591639871383,0.1186345831001669,
BOOKKEEPER,5,20.179372197309416,20.38523274478331,1.2698412698412698,RANDOMFOREST,NOBALANCING,BESTFIRST,THRESHOLD,4.0,101.0,521.0,4.0,0.0380952380952381,0.5,0.7186495176848875,0.04833836858006067,
BOOKKEEPER,5,20.179372197309416,20.38523274478331,1.2698412698412698,RANDOMFOREST,NOBALANCING,BESTFIRST,LEARNING,6.0,178.0,755.0,6.0,0.03260869565217391,0.5,0.7521882815291175,0.03829561292891735,
BOOKKEEPER,5,8.005082592121983,50.0,1.2698412698412698,RANDOMFOREST,OVERSAMPLING,BESTFIRST,NOSENSITIVE,2.0,39.0,272.0,2.0,0.04878048780487805,0.5,0.7451768488745981,0.06730699790568383,
BOOKKEEPER,5,8.005082592121983,50.0,1.2698412698412698,RANDOMFOREST,OVERSAMPLING,BESTFIRST,THRESHOLD,4.0,98.0,524.0,4.0,0.0392156862745098,0.5,0.7033762057877814,0.05036353963468701,
BOOKKEEPER,5,8.005082592121983,50.0,1.2698412698412698,RANDOMFOREST,OVERSAMPLING,BESTFIRST,LEARNING,7.0,174.0,759.0,5.0,0.03867403314917127,0.5833333333333334,0.7367809932118614,0.049909852225049324,
BOOKKEEPER,5,38.27460510328068,50.0,1.2698412698412698,RANDOMFOREST,UNDERSAMPLING,BESTFIRST,NOSENSITIVE,3.0,64.0,247.0,1.0,0.04477611940298507,0.75,0.862540192926045,0.06202757799257867,
BOOKKEEPER,5,38.27460510328068,50.0,1.2698412698412698,RANDOMFOREST,UNDERSAMPLING,BESTFIRST,THRESHOLD,7.0,188.0,434.0,1.0,0.035897435897435895,0.875,0.8161173633440515,0.045684058667948994,
BOOKKEEPER,5,38.27460510328068,50.0,1.2698412698412698,RANDOMFOREST,UNDERSAMPLING,BESTFIRST,LEARNING,11.0,340.0,593.0,1.0,0.03133903133903134,0.9166666666666666,0.8116738120757413,0.03695634632453814,
BOOKKEEPER,5,13.707571801566578,49.974785678265256,1.2698412698412698,RANDOMFOREST,SMOTE,BESTFIRST,NOSENSITIVE,2.0,23.0,288.0,2.0,0.08,0.5,0.8456591639871383,0.1186345831001669,
BOOKKEEPER,5,13.707571801566578,49.974785678265256,1.2698412698412698,RANDOMFOREST,SMOTE,BESTFIRST,THRESHOLD,5.0,106.0,516.0,3.0,0.04504504504504504,0.625,0.7856712218649518,0.06180834494630654,
BOOKKEEPER,5,13.707571801566578,49.974785678265256,1.2698412698412698,RANDOMFOREST,SMOTE,BESTFIRST,LEARNING,9.0,203.0,730.0,3.0,0.04245283018867924,0.75,0.7916666666666666,0.05770794609665427,
BOOKKEEPER,5,20.179372197309416,20.38523274478331,1.2698412698412698,NAIVEBAYES,NOBALANCING,NOSELECTION,NOSENSITIVE,1.0,18.0,293.0,3.0,0.05263157894736842,0.25,0.9095659163987139,0.06739038488650753,
BOOKKEEPER,5,20.179372197309416,20.38523274478331,1.2698412698412698,NAIVEBAYES,NOBALANCING,NOSELECTION,THRESHOLD,4.0,42.0,580.0,4.0,0.08695652173913043,0.5,0.856209807073955,0.1293113808436494,
BOOKKEEPER,5,20.179372197309416,20.38523274478331,1.2698412698412698,NAIVEBAYES,NOBALANCING,NOSELECTION,LEARNING,7.0,66.0,867.0,5.0,0.0958904109589041,0.5833333333333334,0.8605305466237942,0.1460807147493409,
BOOKKEEPER,5,8.005082592121983,50.0,1.2698412698412698,NAIVEBAYES,OVERSAMPLING,NOSELECTION,NOSENSITIVE,2.0,21.0,290.0,2.0,0.08695652173913043,0.5,0.9111736334405145,0.1293113808436494,
BOOKKEEPER,5,8.005082592121983,50.0,1.2698412698412698,NAIVEBAYES,OVERSAMPLING,NOSELECTION,THRESHOLD,5.0,50.0,572.0,3.0,0.09090909090909091,0.625,0.8510852090032154,0.1396547281628443,
BOOKKEEPER,5,8.005082592121983,50.0,1.2698412698412698,NAIVEBAYES,OVERSAMPLING,NOSELECTION,LEARNING,8.0,79.0,854.0,4.0,0.09195402298850575,0.6666666666666666,0.8568685244730261,0.14247761487749722,
BOOKKEEPER,5,38.27460510328068,50.0,1.2698412698412698,NAIVEBAYES,UNDERSAMPLING,NOSELECTION,NOSENSITIVE,3.0,27.0,284.0,1.0,0.1,0.75,0.9119774919614148,0.15759312320916927,
BOOKKEEPER,5,38.27460510328068,50.0,1.2698412698412698,NAIVEBAYES,UNDERSAMPLING,NOSELECTION,THRESHOLD,6.0,61.0,561.0,2.0,0.08955223880597014,0.75,0.846362540192926,0.1404998051019968,
BOOKKEEPER,5,38.27460510328068,50.0,1.2698412698412698,NAIVEBAYES,UNDERSAMPLING,NOSELECTION,LEARNING,9.0,95.0,838.0,3.0,0.08653846153846154,0.75,0.8533851375491247,0.13548784586087106,
BOOKKEEPER,5,13.707571801566578,49.974785678265256,1.2698412698412698,NAIVEBAYES,SMOTE,NOSELECTION,NOSENSITIVE,1.0,17.0,294.0,3.0,0.05555555555555555,0.25,0.907556270096463,0.07161803713527931,
BOOKKEEPER,5,13.707571801566578,49.974785678265256,1.2698412698412698,NAIVEBAYES,SMOTE,NOSELECTION,THRESHOLD,3.0,39.0,583.0,5.0,0.07142857142857142,0.375,0.7642684887459807,0.1008174386920984,
BOOKKEEPER,5,13.707571801566578,49.974785678265256,1.2698412698412698,NAIVEBAYES,SMOTE,NOSELECTION,LEARNING,5.0,61.0,872.0,7.0,0.07575757575757576,0.4166666666666667,0.7921579135405502,0.10905914649363581,
BOOKKEEPER,5,20.179372197309416,20.38523274478331,1.2698412698412698,NAIVEBAYES,NOBALANCING,BESTFIRST,NOSENSITIVE,0.0,1.0,310.0,4.0,0.0,0.0,0.8094855305466238,-0.0051052967453785155,
BOOKKEEPER,5,20.179372197309416,20.38523274478331,1.2698412698412698,NAIVEBAYES,NOBALANCING,BESTFIRST,THRESHOLD,0.0,2.0,620.0,8.0,0.0,0.0,0.5761655948553055,-0.0051052967453785155,
BOOKKEEPER,5,20.179372197309416,20.38523274478331,1.2698412698412698,NAIVEBAYES,NOBALANCING,BESTFIRST,LEARNING,0.0,3.0,930.0,12.0,0.0,0.0,0.567524115755627,-0.0051052967453785155,
BOOKKEEPER,5,8.005082592121983,50.0,1.2698412698412698,NAIVEBAYES,OVERSAMPLING,BESTFIRST,NOSENSITIVE,0.0,1.0,310.0,4.0,0.0,0.0,0.7897909967845659,-0.0051052967453785155,
BOOKKEEPER,5,8.005082592121983,50.0,1.2698412698412698,NAIVEBAYES,OVERSAMPLING,BESTFIRST,THRESHOLD,0.0,5.0,617.0,8.0,0.0,0.0,0.5676245980707395,-0.009864364981506179,
BOOKKEEPER,5,8.005082592121983,50.0,1.2698412698412698,NAIVEBAYES,OVERSAMPLING,BESTFIRST,LEARNING,0.0,9.0,924.0,12.0,0.0,0.0,0.5604680242943908,-0.01100412654745636,
BOOKKEEPER,5,38.27460510328068,50.0,1.2698412698412698,NAIVEBAYES,UNDERSAMPLING,BESTFIRST,NOSENSITIVE,0.0,1.0,310.0,4.0,0.0,0.0,0.592443729903537,-0.0051052967453785155,
BOOKKEEPER,5,38.27460510328068,50.0,1.2698412698412698,NAIVEBAYES,UNDERSAMPLING,BESTFIRST,THRESHOLD,1.0,5.0,617.0,7.0,0.16666666666666666,0.125,0.6120377813504824,0.13342503438789383,
BOOKKEEPER,5,38.27460510328068,50.0,1.2698412698412698,NAIVEBAYES,UNDERSAMPLING,BESTFIRST,LEARNING,2.0,9.0,924.0,10.0,0.18181818181818182,0.16666666666666666,0.5858788853161844,0.16375576358809643,
BOOKKEEPER,5,13.707571801566578,49.974785678265256,1.2698412698412698,NAIVEBAYES,SMOTE,BESTFIRST,NOSENSITIVE,0.0,1.0,310.0,4.0,0.0,0.0,0.8227491961414791,-0.0051052967453785155,
BOOKKEEPER,5,13.707571801566578,49.974785678265256,1.2698412698412698,NAIVEBAYES,SMOTE,BESTFIRST,THRESHOLD,0.0,2.0,620.0,8.0,0.0,0.0,0.5794815112540193,-0.0051052967453785155,
BOOKKEEPER,5,13.707571801566578,49.974785678265256,1.2698412698412698,NAIVEBAYES,SMOTE,BESTFIRST,LEARNING,0.0,3.0,930.0,12.0,0.0,0.0,0.5704715969989282,-0.0051052967453785155,
BOOKKEEPER,5,20.179372197309416,20.38523274478331,1.2698412698412698,IBK,NOBALANCING,NOSELECTION,NOSENSITIVE,3.0,34.0,277.0,1.0,0.08108108108108109,0.75,0.8340032154340836,0.12631745780172682,
BOOKKEEPER,5,20.179372197309416,20.38523274478331,1.2698412698412698,IBK,NOBALANCING,NOSELECTION,THRESHOLD,6.0,73.0,549.0,2.0,0.0759493670886076,0.75,0.8177250803858521,0.11758114518358029,
BOOKKEEPER,5,20.179372197309416,20.38523274478331,1.2698412698412698,IBK,NOBALANCING,NOSELECTION,LEARNING,9.0,112.0,821.0,3.0,0.0743801652892562,0.75,0.8192658092175777,0.11488748259095458,
BOOKKEEPER,5,8.005082592121983,50.0,1.2698412698412698,IBK,OVERSAMPLING,NOSELECTION,NOSENSITIVE,3.0,35.0,276.0,1.0,0.07894736842105263,0.75,0.837620578778135,0.12269843725823872,
BOOKKEEPER,5,8.005082592121983,50.0,1.2698412698412698,IBK,OVERSAMPLING,NOSELECTION,THRESHOLD,6.0,77.0,545.0,2.0,0.07228915662650602,0.75,0.8150120578778135,0.11128173993785957,
BOOKKEEPER,5,8.005082592121983,50.0,1.2698412698412698,IBK,OVERSAMPLING,NOSELECTION,LEARNING,9.0,119.0,814.0,3.0,0.0703125,0.75,0.8173008217220435,0.10785588262605672,
BOOKKEEPER,5,38.27460510328068,50.0,1.2698412698412698,IBK,UNDERSAMPLING,NOSELECTION,NOSENSITIVE,3.0,74.0,237.0,1.0,0.03896103896103896,0.75,0.7620578778135049,0.05116671352263127,
BOOKKEEPER,5,38.27460510328068,50.0,1.2698412698412698,IBK,UNDERSAMPLING,NOSELECTION,THRESHOLD,6.0,148.0,474.0,2.0,0.03896103896103896,0.75,0.7575361736334405,0.05116671352263127,
BOOKKEEPER,5,38.27460510328068,50.0,1.2698412698412698,IBK,UNDERSAMPLING,NOSELECTION,LEARNING,9.0,222.0,711.0,3.0,0.03896103896103896,0.75,0.757368703108253,0.05116671352263127,
BOOKKEEPER,5,13.707571801566578,49.974785678265256,1.2698412698412698,IBK,SMOTE,NOSELECTION,NOSENSITIVE,4.0,34.0,277.0,0.0,0.10526315789473684,1.0,0.9453376205787781,0.171437412966115,
BOOKKEEPER,5,13.707571801566578,49.974785678265256,1.2698412698412698,IBK,SMOTE,NOSELECTION,THRESHOLD,8.0,73.0,549.0,0.0,0.09876543209876543,1.0,0.9393086816720257,0.16036805783766006,
BOOKKEEPER,5,13.707571801566578,49.974785678265256,1.2698412698412698,IBK,SMOTE,NOSELECTION,LEARNING,12.0,112.0,821.0,0.0,0.0967741935483871,1.0,0.9408717399071097,0.15694895813420007,
BOOKKEEPER,5,20.179372197309416,20.38523274478331,1.2698412698412698,IBK,NOBALANCING,BESTFIRST,NOSENSITIVE,2.0,37.0,274.0,2.0,0.05128205128205128,0.5,0.8215434083601286,0.07163908410791192,
BOOKKEEPER,5,20.179372197309416,20.38523274478331,1.2698412698412698,IBK,NOBALANCING,BESTFIRST,THRESHOLD,4.0,84.0,538.0,4.0,0.045454545454545456,0.5,0.7112138263665595,0.061484290357529926,
BOOKKEEPER,5,20.179372197309416,20.38523274478331,1.2698412698412698,IBK,NOBALANCING,BESTFIRST,LEARNING,6.0,131.0,802.0,6.0,0.043795620437956206,0.5,0.7255269739192569,0.058552760749579776,
BOOKKEEPER,5,8.005082592121983,50.0,1.2698412698412698,IBK,OVERSAMPLING,BESTFIRST,NOSENSITIVE,2.0,41.0,270.0,2.0,0.046511627906976744,0.5,0.6905144694533762,0.06334278403983122,
BOOKKEEPER,5,8.005082592121983,50.0,1.2698412698412698,IBK,OVERSAMPLING,BESTFIRST,THRESHOLD,4.0,91.0,531.0,4.0,0.042105263157894736,0.5,0.6748392282958199,0.05554678870127826,
BOOKKEEPER,5,8.005082592121983,50.0,1.2698412698412698,IBK,OVERSAMPLING,BESTFIRST,LEARNING,6.0,141.0,792.0,6.0,0.04081632653061224,0.5,0.6782779564130046,0.05324173465006471,
BOOKKEEPER,5,38.27460510328068,50.0,1.2698412698412698,IBK,UNDERSAMPLING,BESTFIRST,NOSENSITIVE,4.0,81.0,230.0,0.0,0.047058823529411764,1.0,0.864951768488746,0.0672637543410713,
BOOKKEEPER,5,38.27460510328068,50.0,1.2698412698412698,IBK,UNDERSAMPLING,BESTFIRST,THRESHOLD,8.0,165.0,457.0,0.0,0.046242774566473986,1.0,0.864951768488746,0.0657187539321601,
BOOKKEEPER,5,38.27460510328068,50.0,1.2698412698412698,IBK,UNDERSAMPLING,BESTFIRST,LEARNING,12.0,249.0,684.0,0.0,0.04597701149425287,1.0,0.8646838156484459,0.06521505953019417,
BOOKKEEPER,5,13.707571801566578,49.974785678265256,1.2698412698412698,IBK,SMOTE,BESTFIRST,NOSENSITIVE,2.0,37.0,274.0,2.0,0.05128205128205128,0.5,0.8215434083601286,0.07163908410791192,
BOOKKEEPER,5,13.707571801566578,49.974785678265256,1.2698412698412698,IBK,SMOTE,BESTFIRST,THRESHOLD,4.0,84.0,538.0,4.0,0.045454545454545456,0.5,0.7112138263665595,0.061484290357529926,
BOOKKEEPER,5,13.707571801566578,49.974785678265256,1.2698412698412698,IBK,SMOTE,BESTFIRST,LEARNING,6.0,131.0,802.0,6.0,0.043795620437956206,0.5,0.712486602357985,0.058552760749579776,
BOOKKEEPER,6,22.105788423153694,16.527866752081998,5.191873589164786,RANDOMFOREST,NOBALANCING,NOSELECTION,NOSENSITIVE,0.0,2.0,418.0,23.0,0.0,0.0,0.8393374741200829,-0.008376581990349035,
BOOKKEEPER,6,22.105788423153694,16.527866752081998,5.191873589164786,RANDOMFOREST,NOBALANCING,NOSELECTION,THRESHOLD,14.0,50.0,790.0,32.0,0.21875,0.30434782608695654,0.7940734989648033,0.20661337526754925,
BOOKKEEPER,6,22.105788423153694,16.527866752081998,5.191873589164786,RANDOMFOREST,NOBALANCING,NOSELECTION,LEARNING,14.0,57.0,1203.0,55.0,0.19718309859154928,0.2028985507246377,0.812261329652634,0.15552983626646774,
BOOKKEEPER,6,6.5484109386548415,50.0,5.191873589164786,RANDOMFOREST,OVERSAMPLING,NOSELECTION,NOSENSITIVE,0.0,5.0,415.0,23.0,0.0,0.0,0.837991718426501,-0.018892722194841303,
BOOKKEEPER,6,6.5484109386548415,50.0,5.191873589164786,RANDOMFOREST,OVERSAMPLING,NOSELECTION,THRESHOLD,7.0,39.0,801.0,39.0,0.15217391304347827,0.15217391304347827,0.7168737060041408,0.10574534161490634,
BOOKKEEPER,6,6.5484109386548415,50.0,5.191873589164786,RANDOMFOREST,OVERSAMPLING,NOSELECTION,LEARNING,7.0,45.0,1215.0,62.0,0.1346153846153846,0.10144927536231885,0.7557108350586611,0.07439807853781435,
BOOKKEEPER,6,46.19395203336809,50.0,5.191873589164786,RANDOMFOREST,UNDERSAMPLING,NOSELECTION,NOSENSITIVE,12.0,28.0,392.0,11.0,0.3,0.5217391304347826,0.8939958592132505,0.33725881314971773,
BOOKKEEPER,6,46.19395203336809,50.0,5.191873589164786,RANDOMFOREST,UNDERSAMPLING,NOSELECTION,THRESHOLD,35.0,195.0,645.0,11.0,0.15217391304347827,0.7608695652173914,0.8243918219461698,0.18292027791705456,
BOOKKEEPER,6,46.19395203336809,50.0,5.191873589164786,RANDOMFOREST,UNDERSAMPLING,NOSELECTION,LEARNING,51.0,277.0,983.0,18.0,0.15548780487804878,0.7391304347826086,0.8296066252587991,0.18719640758040335,
BOOKKEEPER,6,14.529353886520171,50.0,5.191873589164786,RANDOMFOREST,SMOTE,NOSELECTION,NOSENSITIVE,0.0,2.0,418.0,23.0,0.0,0.0,0.8286749482401656,-0.008376581990349035,
BOOKKEEPER,6,14.529353886520171,50.0,5.191873589164786,RANDOMFOREST,SMOTE,NOSELECTION,THRESHOLD,13.0,60.0,780.0,33.0,0.1780821917808219,0.2826086956521739,0.7667701863354037,0.1653193946392758,
BOOKKEEPER,6,14.529353886520171,50.0,5.191873589164786,RANDOMFOREST,SMOTE,NOSELECTION,LEARNING,15.0,66.0,1194.0,54.0,0.18518518518518517,0.21739130434782608,0.7733954451345756,0.15247752056629071,
BOOKKEEPER,6,22.105788423153694,16.527866752081998,5.191873589164786,RANDOMFOREST,NOBALANCING,BESTFIRST,NOSENSITIVE,1.0,3.0,417.0,22.0,0.25,0.043478260869565216,0.6324016563146998,0.05960770994310779,
BOOKKEEPER,6,22.105788423153694,16.527866752081998,5.191873589164786,RANDOMFOREST,NOBALANCING,BESTFIRST,THRESHOLD,3.0,14.0,826.0,43.0,0.17647058823529413,0.06521739130434782,0.5826086956521739,0.06915619124857099,
BOOKKEEPER,6,22.105788423153694,16.527866752081998,5.191873589164786,RANDOMFOREST,NOBALANCING,BESTFIRST,LEARNING,5.0,24.0,1236.0,64.0,0.1724137931034483,0.07246376811594203,0.6146767885898321,0.07357414448669158,
BOOKKEEPER,6,6.5484109386548415,50.0,5.191873589164786,RANDOMFOREST,OVERSAMPLING,BESTFIRST,NOSENSITIVE,1.0,5.0,415.0,22.0,0.16666666666666666,0.043478260869565216,0.537888198757764,0.048524381513006,
BOOKKEEPER,6,6.5484109386548415,50.0,5.191873589164786,RANDOMFOREST,OVERSAMPLING,BESTFIRST,THRESHOLD,2.0,18.0,822.0,44.0,0.1,0.043478260869565216,0.5219979296066253,0.030086870541705824,
BOOKKEEPER,6,6.5484109386548415,50.0,5.191873589164786,RANDOMFOREST,OVERSAMPLING,BESTFIRST,LEARNING,4.0,34.0,1226.0,65.0,0.10526315789473684,0.057971014492753624,0.5399700943179204,0.03934024050993387,
BOOKKEEPER,6,46.19395203336809,50.0,5.191873589164786,RANDOMFOREST,UNDERSAMPLING,BESTFIRST,NOSENSITIVE,4.0,18.0,402.0,19.0,0.18181818181818182,0.17391304347826086,0.7452380952380953,0.1338054219732599,
BOOKKEEPER,6,46.19395203336809,50.0,5.191873589164786,RANDOMFOREST,UNDERSAMPLING,BESTFIRST,THRESHOLD,13.0,70.0,770.0,33.0,0.1566265060240964,0.2826086956521739,0.6820134575569358,0.14438673142192762,
BOOKKEEPER,6,46.19395203336809,50.0,5.191873589164786,RANDOMFOREST,UNDERSAMPLING,BESTFIRST,LEARNING,25.0,145.0,1115.0,44.0,0.14705882352941177,0.36231884057971014,0.6858868184955141,0.14613949029646045,
BOOKKEEPER,6,14.529353886520171,50.0,5.191873589164786,RANDOMFOREST,SMOTE,BESTFIRST,NOSENSITIVE,1.0,3.0,417.0,22.0,0.25,0.043478260869565216,0.5864389233954451,0.05960770994310779,
BOOKKEEPER,6,14.529353886520171,50.0,5.191873589164786,RANDOMFOREST,SMOTE,BESTFIRST,THRESHOLD,3.0,15.0,825.0,43.0,0.16666666666666666,0.06521739130434782,0.5578286749482402,0.06648742915273921,
BOOKKEEPER,6,14.529353886520171,50.0,5.191873589164786,RANDOMFOREST,SMOTE,BESTFIRST,LEARNING,6.0,33.0,1227.0,63.0,0.15384615384615385,0.08695652173913043,0.6062514377731769,0.07648208469055272,
BOOKKEEPER,6,22.105788423153694,16.527866752081998,5.191873589164786,NAIVEBAYES,NOBALANCING,NOSELECTION,NOSENSITIVE,6.0,15.0,405.0,17.0,0.2857142857142857,0.2608695652173913,0.8187370600414079,0.2348051387239547,
BOOKKEEPER,6,22.105788423153694,16.527866752081998,5.191873589164786,NAIVEBAYES,NOBALANCING,NOSELECTION,THRESHOLD,13.0,36.0,804.0,33.0,0.2653061224489796,0.2826086956521739,0.6749741200828158,0.23258266174587675,
BOOKKEEPER,6,22.105788423153694,16.527866752081998,5.191873589164786,NAIVEBAYES,NOBALANCING,NOSELECTION,LEARNING,20.0,57.0,1203.0,49.0,0.2597402597402597,0.2898550724637681,0.7079997699562917,0.23190918607694264,
BOOKKEEPER,6,6.5484109386548415,50.0,5.191873589164786,NAIVEBAYES,OVERSAMPLING,NOSELECTION,NOSENSITIVE,6.0,16.0,404.0,17.0,0.2727272727272727,0.2608695652173913,0.8114906832298137,0.22744807905723158,
BOOKKEEPER,6,6.5484109386548415,50.0,5.191873589164786,NAIVEBAYES,OVERSAMPLING,NOSELECTION,THRESHOLD,13.0,37.0,803.0,33.0,0.26,0.2826086956521739,0.6728907867494824,0.22914387988465698,
BOOKKEEPER,6,6.5484109386548415,50.0,5.191873589164786,NAIVEBAYES,OVERSAMPLING,NOSELECTION,LEARNING,20.0,58.0,1202.0,49.0,0.2564102564102564,0.2898550724637681,0.7037209569818266,0.22966538280272358,
BOOKKEEPER,6,46.19395203336809,50.0,5.191873589164786,NAIVEBAYES,UNDERSAMPLING,NOSELECTION,NOSENSITIVE,8.0,20.0,400.0,15.0,0.2857142857142857,0.34782608695652173,0.8110248447204969,0.2722365641868104,
BOOKKEEPER,6,46.19395203336809,50.0,5.191873589164786,NAIVEBAYES,UNDERSAMPLING,NOSELECTION,THRESHOLD,16.0,40.0,800.0,30.0,0.2857142857142857,0.34782608695652173,0.6904373706004141,0.2722365641868104,
BOOKKEEPER,6,46.19395203336809,50.0,5.191873589164786,NAIVEBAYES,UNDERSAMPLING,NOSELECTION,LEARNING,24.0,60.0,1200.0,45.0,0.2857142857142857,0.34782608695652173,0.719645732689211,0.2722365641868104,
BOOKKEEPER,6,14.529353886520171,50.0,5.191873589164786,NAIVEBAYES,SMOTE,NOSELECTION,NOSENSITIVE,3.0,11.0,409.0,20.0,0.21428571428571427,0.13043478260869565,0.812888198757764,0.12789737727821185,
BOOKKEEPER,6,14.529353886520171,50.0,5.191873589164786,NAIVEBAYES,SMOTE,NOSELECTION,THRESHOLD,10.0,27.0,813.0,36.0,0.2702702702702703,0.21739130434782608,0.6779114906832299,0.20412353494738605,
BOOKKEEPER,6,14.529353886520171,50.0,5.191873589164786,NAIVEBAYES,SMOTE,NOSELECTION,LEARNING,17.0,43.0,1217.0,52.0,0.2833333333333333,0.2463768115942029,0.7113986657464918,0.22619375953812476,
BOOKKEEPER,6,22.105788423153694,16.527866752081998,5.191873589164786,NAIVEBAYES,NOBALANCING,BESTFIRST,NOSENSITIVE,0.0,2.0,418.0,23.0,0.0,0.0,0.8076604554865424,-0.008376581990349035,
BOOKKEEPER,6,22.105788423153694,16.527866752081998,5.191873589164786,NAIVEBAYES,NOBALANCING,BESTFIRST,THRESHOLD,0.0,4.0,836.0,46.0,0.0,0.0,0.5751293995859214,-0.008376581990349035,
BOOKKEEPER,6,22.105788423153694,16.527866752081998,5.191873589164786,NAIVEBAYES,NOBALANCING,BESTFIRST,LEARNING,0.0,6.0,1254.0,69.0,0.0,0.0,0.5663561076604555,-0.008376581990349035,
BOOKKEEPER,6,6.5484109386548415,50.0,5.191873589164786,NAIVEBAYES,OVERSAMPLING,BESTFIRST,NOSENSITIVE,0.0,2.0,418.0,23.0,0.0,0.0,0.7908902691511387,-0.008376581990349035,
BOOKKEEPER,6,6.5484109386548415,50.0,5.191873589164786,NAIVEBAYES,OVERSAMPLING,BESTFIRST,THRESHOLD,0.0,4.0,836.0,46.0,0.0,0.0,0.5709368530020704,-0.008376581990349035,
BOOKKEEPER,6,6.5484109386548415,50.0,5.191873589164786,NAIVEBAYES,OVERSAMPLING,BESTFIRST,LEARNING,0.0,6.0,1254.0,69.0,0.0,0.0,0.5627904301817346,-0.008376581990349035,
BOOKKEEPER,6,46.19395203336809,50.0,5.191873589164786,NAIVEBAYES,UNDERSAMPLING,BESTFIRST,NOSENSITIVE,1.0,7.0,413.0,22.0,0.125,0.043478260869565216,0.790424430641822,0.03875794986906058,
BOOKKEEPER,6,46.19395203336809,50.0,5.191873589164786,NAIVEBAYES,UNDERSAMPLING,BESTFIRST,THRESHOLD,4.0,18.0,822.0,42.0,0.18181818181818182,0.08695652173913043,0.611620082815735,0.08697444352844244,
BOOKKEEPER,6,46.19395203336809,50.0,5.191873589164786,NAIVEBAYES,UNDERSAMPLING,BESTFIRST,LEARNING,7.0,29.0,1231.0,62.0,0.19444444444444445,0.10144927536231885,0.6123360938578329,0.10133975344969878,
BOOKKEEPER,6,14.529353886520171,50.0,5.191873589164786,NAIVEBAYES,SMOTE,BESTFIRST,NOSENSITIVE,0.0,0.0,420.0,23.0,NaN,0.0,0.7902173913043479,0.0,
BOOKKEEPER,6,14.529353886520171,50.0,5.191873589164786,NAIVEBAYES,SMOTE,BESTFIRST,THRESHOLD,0.0,1.0,839.0,46.0,0.0,0.0,0.5716614906832298,-0.0022141997593256727,
BOOKKEEPER,6,14.529353886520171,50.0,5.191873589164786,NAIVEBAYES,SMOTE,BESTFIRST,LEARNING,0.0,2.0,1258.0,69.0,0.0,0.0,0.5633022774327122,-0.002933579924109676,
BOOKKEEPER,6,22.105788423153694,16.527866752081998,5.191873589164786,IBK,NOBALANCING,NOSELECTION,NOSENSITIVE,4.0,8.0,412.0,19.0,0.3333333333333333,0.17391304347826086,0.6289855072463768,0.20009362669698466,
BOOKKEEPER,6,22.105788423153694,16.527866752081998,5.191873589164786,IBK,NOBALANCING,NOSELECTION,THRESHOLD,8.0,16.0,824.0,38.0,0.3333333333333333,0.17391304347826086,0.5903209109730849,0.20009362669698466,
BOOKKEEPER,6,22.105788423153694,16.527866752081998,5.191873589164786,IBK,NOBALANCING,NOSELECTION,LEARNING,12.0,24.0,1236.0,57.0,0.3333333333333333,0.17391304347826086,0.5889579020013802,0.20009362669698466,
BOOKKEEPER,6,6.5484109386548415,50.0,5.191873589164786,IBK,OVERSAMPLING,NOSELECTION,NOSENSITIVE,4.0,9.0,411.0,19.0,0.3076923076923077,0.17391304347826086,0.6489130434782608,0.1919218241042347,
BOOKKEEPER,6,6.5484109386548415,50.0,5.191873589164786,IBK,OVERSAMPLING,NOSELECTION,THRESHOLD,8.0,18.0,822.0,38.0,0.3076923076923077,0.17391304347826086,0.5944099378881987,0.1919218241042347,
BOOKKEEPER,6,6.5484109386548415,50.0,5.191873589164786,IBK,OVERSAMPLING,NOSELECTION,LEARNING,12.0,27.0,1233.0,57.0,0.3076923076923077,0.17391304347826086,0.5934265010351967,0.1919218241042347,
BOOKKEEPER,6,46.19395203336809,50.0,5.191873589164786,IBK,UNDERSAMPLING,NOSELECTION,NOSENSITIVE,8.0,17.0,403.0,15.0,0.32,0.34782608695652173,0.6746376811594202,0.29521726160882933,
BOOKKEEPER,6,46.19395203336809,50.0,5.191873589164786,IBK,UNDERSAMPLING,NOSELECTION,THRESHOLD,16.0,34.0,806.0,30.0,0.32,0.34782608695652173,0.6589156314699793,0.29521726160882933,
BOOKKEEPER,6,46.19395203336809,50.0,5.191873589164786,IBK,UNDERSAMPLING,NOSELECTION,LEARNING,24.0,51.0,1209.0,45.0,0.32,0.34782608695652173,0.6583333333333333,0.29521726160882933,
BOOKKEEPER,6,14.529353886520171,50.0,5.191873589164786,IBK,SMOTE,NOSELECTION,NOSENSITIVE,4.0,10.0,410.0,19.0,0.2857142857142857,0.17391304347826086,0.6267080745341614,0.18416206261510062,
BOOKKEEPER,6,14.529353886520171,50.0,5.191873589164786,IBK,SMOTE,NOSELECTION,THRESHOLD,8.0,20.0,820.0,38.0,0.2857142857142857,0.17391304347826086,0.5879658385093167,0.18416206261510062,
BOOKKEEPER,6,14.529353886520171,50.0,5.191873589164786,IBK,SMOTE,NOSELECTION,LEARNING,12.0,30.0,1230.0,57.0,0.2857142857142857,0.17391304347826086,0.586530940878767,0.18416206261510062,
BOOKKEEPER,6,22.105788423153694,16.527866752081998,5.191873589164786,IBK,NOBALANCING,BESTFIRST,NOSENSITIVE,1.0,4.0,416.0,22.0,0.2,0.043478260869565216,0.6638198757763976,0.05388532939050348,
BOOKKEEPER,6,22.105788423153694,16.527866752081998,5.191873589164786,IBK,NOBALANCING,BESTFIRST,THRESHOLD,2.0,8.0,832.0,44.0,0.2,0.043478260869565216,0.5536878881987578,0.05388532939050348,
BOOKKEEPER,6,22.105788423153694,16.527866752081998,5.191873589164786,IBK,NOBALANCING,BESTFIRST,LEARNING,3.0,12.0,1248.0,66.0,0.2,0.043478260869565216,0.5672417759374281,0.05388532939050348,
BOOKKEEPER,6,6.5484109386548415,50.0,5.191873589164786,IBK,OVERSAMPLING,BESTFIRST,NOSENSITIVE,1.0,4.0,416.0,22.0,0.2,0.043478260869565216,0.5383540372670808,0.05388532939050348,
BOOKKEEPER,6,6.5484109386548415,50.0,5.191873589164786,IBK,OVERSAMPLING,BESTFIRST,THRESHOLD,2.0,8.0,832.0,44.0,0.2,0.043478260869565216,0.5223214285714286,0.05388532939050348,
BOOKKEEPER,6,6.5484109386548415,50.0,5.191873589164786,IBK,OVERSAMPLING,BESTFIRST,LEARNING,3.0,12.0,1248.0,66.0,0.2,0.043478260869565216,0.5217736369910283,0.05388532939050348,
BOOKKEEPER,6,46.19395203336809,50.0,5.191873589164786,IBK,UNDERSAMPLING,BESTFIRST,NOSENSITIVE,4.0,20.0,400.0,19.0,0.16666666666666666,0.17391304347826086,0.6078674948240166,0.12375107775016447,
BOOKKEEPER,6,46.19395203336809,50.0,5.191873589164786,IBK,UNDERSAMPLING,BESTFIRST,THRESHOLD,8.0,40.0,800.0,38.0,0.16666666666666666,0.17391304347826086,0.5743271221532091,0.12375107775016447,
BOOKKEEPER,6,46.19395203336809,50.0,5.191873589164786,IBK,UNDERSAMPLING,BESTFIRST,LEARNING,12.0,60.0,1200.0,57.0,0.16666666666666666,0.17391304347826086,0.5730848861283644,0.12375107775016447,
BOOKKEEPER,6,14.529353886520171,50.0,5.191873589164786,IBK,SMOTE,BESTFIRST,NOSENSITIVE,1.0,4.0,416.0,22.0,0.2,0.043478260869565216,0.6638198757763976,0.05388532939050348,
BOOKKEEPER,6,14.529353886520171,50.0,5.191873589164786,IBK,SMOTE,BESTFIRST,THRESHOLD,2.0,8.0,832.0,44.0,0.2,0.043478260869565216,0.5536878881987578,0.05388532939050348,
BOOKKEEPER,6,14.529353886520171,50.0,5.191873589164786,IBK,SMOTE,BESTFIRST,LEARNING,3.0,12.0,1248.0,66.0,0.2,0.043478260869565216,0.5502760524499655,0.05388532939050348,
